,text,negative,positive,neutral
0,"–° 1 –º–∞—Ä—Ç–∞ –∂–µ–Ω—â–∏–Ω, –≤–æ—Å–ø–∏—Ç—ã–≤–∞—é—â–∏—Ö –Ω–µ—Å–æ–≤–µ—Ä—à–µ–Ω–Ω–æ–ª–µ—Ç–Ω–∏—Ö –¥–µ—Ç–µ–π, –Ω–µ –º–æ–≥—É—Ç –¥–µ—Ä–∂–∞—Ç—å –≤ –º–∏–ª–∏—Ü–∏–∏ —Å–≤—ã—à–µ 3 —á–∞—Å–æ–≤ –ø–æ ¬´–∞–¥–º–∏–Ω–∏—Å—Ç—Ä–∞—Ç–∏–≤–∫–µ¬ª.

 ",0.0,0.0,0.523430347442627
1,"–ù–∞¬†—Ç—Ä–µ—Ö —Å—Ç–∞–Ω—Ü–∏—è—Ö –º–∏–Ω—Å–∫–æ–≥–æ –º–µ—Ç—Ä–æ –∑–∞–ø—É—Å—Ç–∏–ª–∏ –æ–ø–ª–∞—Ç—É –ø—Ä–æ–µ–∑–¥–∞ –ø–æ¬†–ª–∏—Ü—É. 

–ö–∞–∫ —ç—Ç–æ —Ä–∞–±–æ—Ç–∞–µ—Ç?  ",0.09269777685403824,0.0,0.812877357006073
2,"–≠–∫—Å-—É—á–∞—Å—Ç–Ω–∏—Ü–∞ –≥—Ä—É–ø–ø—ã Little Big –Ω–∞–π–¥–µ–Ω–∞ –º–µ—Ä—Ç–≤–æ–π.

 ",0.30736804008483887,0.0,0.5000100135803223
3,"–ó–∞–º—É–∂–Ω—é—é —É—á–∏—Ç–µ–ª—å–Ω–∏—Ü—É –∞—Ä–µ—Å—Ç–æ–≤–∞–ª–∏ –∑–∞ —Å–µ–∫—Å—É–∞–ª—å–Ω—ã–π –∫–æ–Ω—Ç–∞–∫—Ç —Å —Å–µ–º–∏–∫–ª–∞—Å—Å–Ω–∏–∫–æ–º.

–ï–π –≥—Ä–æ–∑–∏—Ç —Ç—é—Ä–µ–º–Ω–æ–µ –∑–∞–∫–ª—é—á–µ–Ω–∏–µ —Å—Ä–æ–∫–æ–º –æ—Ç –¥–≤—É—Ö –¥–æ 20 –ª–µ—Ç.

 ",0.0,0.0,0.59267657995224
4,"–ê–π—Ç–∏—à–Ω–∏–∫ –¥–µ–ª–∏—Ç—Å—è —Å–æ–≤–µ—Ç–∞–º–∏ –ø–æ –ø–µ—Ä–µ–µ–∑–¥—É –≤ –£–∫—Ä–∞–∏–Ω—É.

¬´–° –ø–æ—Å–ª–µ–¥–Ω–∏–º–∏ —É–ø—Ä–æ—â–µ–Ω–∏—è–º–∏ —Å—Ç–∞–Ω–æ–≤–∏—Ç—Å—è –ø–æ–ª–µ–≥—á–µ¬ª. 

 ",0.2568419873714447,0.0,0.8840492963790894
5,"–¢—Ä–∞–º–ø: –ë–∞–π–¥–µ–Ω —É–∂–µ —Å—Ç–∞–ª —Ö—É–¥—à–∏–º –ø—Ä–µ–∑–∏–¥–µ–Ω—Ç–æ–º –≤ –∏—Å—Ç–æ—Ä–∏–∏ –°–®–ê.

¬´–ê–¥–º–∏–Ω–∏—Å—Ç—Ä–∞—Ü–∏—è –ë–∞–π–¥–µ–Ω–∞ —É–∂–µ –¥–æ–∫–∞–∑–∞–ª–∞, —á—Ç–æ –æ–Ω–∏ –ø—Ä–æ—Ç–∏–≤ —Ä–∞–±–æ—á–∏—Ö –º–µ—Å—Ç, –ø—Ä–æ—Ç–∏–≤ —Å–µ–º—å–∏, –ø—Ä–æ—Ç–∏–≤ –≥—Ä–∞–Ω–∏—Ü, –ø—Ä–æ—Ç–∏–≤ —ç–Ω–µ—Ä–≥–µ—Ç–∏–∫–∏, –ø—Ä–æ—Ç–∏–≤ –∂–µ–Ω—â–∏–Ω, –ø—Ä–æ—Ç–∏–≤ –Ω–∞—É–∫–∏¬ª.

 ",0.41490885615348816,0.0,0.0
6,"–ß–∏–Ω–æ–≤–Ω–∏–∫–∏ –≤–∑—è–ª–∏—Å—å –∑–∞ –∞–ø—Ç–µ–∫–∏, –∫–æ—Ç–æ—Ä—ã–µ –ø–æ–¥–Ω—è–ª–∏ —Ü–µ–Ω—ã –∏–∑-–∑–∞ –ù–î–°.

¬´–ñ–µ—Å—Ç–æ—á–∞–π—à–∏–º –æ–±—Ä–∞–∑–æ–º –æ—Å—Ç–∞–Ω–∞–≤–ª–∏–≤–∞—Ç—å¬ª.

 ",0.0,0.0,0.6370407938957214
7,"–ß–µ—Ä–µ–∑ –Ω–µ—Å–∫–æ–ª—å–∫–æ –¥–Ω–µ–π –ø—Ä–µ–¥—Å—Ç–∞–≤—è—Ç ¬´—Ö–∏—Ç–æ–≤—ã–µ¬ª Xiaomi Redmi Note 10. 

–ü–æ—Å–º–æ—Ç—Ä–∏—Ç–µ –Ω–∞ –Ω–∏—Ö —É–∂–µ —Å–µ–π—á–∞—Å!

 ",0.14034625887870789,0.0,0.7248802781105042
8,"–î–µ–≤—É—à–∫–∏ –≤ –∫—Ä–∞—Å–Ω–æ–º ¬´–≥—É–∫–∞–ª—ñ –≤—è—Å–Ω—É¬ª –ø–æ–¥ –í–æ–ª–æ–∂–∏–Ω–æ–º: –≤–æ–¥–∏–ª–∏ —Ö–æ—Ä–æ–≤–æ–¥—ã, –ø–µ–ª–∏ ¬´–≤—è—Å–Ω—è–Ω–∫—ñ¬ª ‚Äî –ø—Ä–∏–∑—ã–≤–∞—é—â–∏–µ –≤–µ—Å–Ω—É –ø–µ—Å–Ω–∏ ‚Äî –∏ —Ä–∞–∑–≤–µ—à–∏–≤–∞–ª–∏ —Ä–∞–∑–Ω–æ—Ü–≤–µ—Ç–Ω—ã—Ö –±—É–º–∞–∂–Ω—ã—Ö –ø—Ç–∏—á–µ–∫ –Ω–∞ –¥–µ—Ä–µ–≤—å—è—Ö. ",0.0,0.13297423720359802,0.6926519870758057
9,"–ê–¥–≤–æ–∫–∞—Ç—ã –æ–±–∂–∞–ª—É—é—Ç –ø—Ä–∏–≥–æ–≤–æ—Ä –∂—É—Ä–Ω–∞–ª–∏—Å—Ç–∫–∞–º ¬´–ë–µ–ª—Å–∞—Ç–∞¬ª.

¬´–ù–µ —Å–æ–≤–µ—Ä—à–∞–ª–∏ –ø—Ä–µ—Å—Ç—É–ø–ª–µ–Ω–∏–µ, –∞ –∏—Å–ø–æ–ª–Ω—è–ª–∏ —Å–≤–æ–∏ –æ–±—è–∑–∞–Ω–Ω–æ—Å—Ç–∏¬ª.

 ",0.11597072333097458,0.0,0.9466066956520081
10,"–ù–∞ —Ç—Ä–µ—Ö —Å—Ç–∞–Ω—Ü–∏—è—Ö –º–µ—Ç—Ä–æ –ú–∏–Ω—Å–∫–∞ —Å 1 –º–∞—Ä—Ç–∞ –º–æ–∂–Ω–æ –æ–ø–ª–∞—Ç–∏—Ç—å –ø—Ä–æ–µ–∑–¥ —Å –ø–æ–º–æ—â—å—é —Å–∏—Å—Ç–µ–º—ã —Ä–∞—Å–ø–æ–∑–Ω–∞–≤–∞–Ω–∏—è –ª–∏—Ü.

 ",0.07160120457410812,0.0,0.812877357006073
11,"–ò—Å—Ç–æ—Ä–∏—è –í—è—á–µ—Å–ª–∞–≤–∞, –ø–µ—Ä–µ–∂–∏–≤—à–µ–≥–æ —Ç—Ä–∞–Ω—Å–ø–ª–∞–Ω—Ç–∞—Ü–∏—é.

¬´–û–±–æ—Å—Ç—Ä–∏–ª—Å—è –≥–∞–π–º–æ—Ä–∏—Ç ‚Äî –ø—Ä–∏—à–ª–æ—Å—å –ø–µ—Ä–µ—Å–∞–¥–∏—Ç—å —Å–µ—Ä–¥—Ü–µ¬ª. 

",0.0,0.2509227991104126,0.5621865391731262
12,"–ö –≤—ã—Ö–æ–¥–Ω—ã–º –≤–Ω–æ–≤—å –ø–æ—Ö–æ–ª–æ–¥–∞–µ—Ç.

–í–µ—Å–Ω–∞ –Ω–∞—Å—Ç—É–ø–∏–ª–∞, –Ω–æ –∑–∏–º–∞ –Ω–µ —Å–¥–∞–µ—Ç—Å—è. 

 ",0.3140605390071869,0.0,0.0
13,"–î–µ–≤—É—à–∫–µ –∏–∑ —Å–ø–∏—Å–∫–∞ Forbes –¥–∞–ª–∏ 20 —Å—É—Ç–æ–∫: ¬´–í –∫–∞–º–µ—Ä–µ –∫–æ–Ω–∫—É—Ä—Å –∫–∞–∫ –≤ –ë–ì–£ ‚Äî —Ç—Ä–∏ —á–µ–ª–æ–≤–µ–∫–∞ –Ω–∞ –º–µ—Å—Ç–æ¬ª.

 ",0.0,0.0,0.9304682612419128
14,"–¢–∏—Ö–∞–Ω–æ–≤—Å–∫–∏–π –æ –ø—Ä–∏–≥–æ–≤–æ—Ä–∞—Ö –∂—É—Ä–Ω–∞–ª–∏—Å—Ç–∞–º –∏ –∞–∫—Ç–∏–≤–∏—Å—Ç–∞–º: –õ–æ–∂—å –∏ –Ω–µ—Å–ø—Ä–∞–≤–µ–¥–ª–∏–≤–æ—Å—Ç—å –ø–æ—Ä–æ–∂–¥–∞—é—Ç –æ–∑–ª–æ–±–ª–µ–Ω–Ω–æ—Å—Ç—å.

 ",0.40734341740608215,0.0,0.6992644667625427
15,"–ß—Ç–æ –ø—Ä–æ–∏—Å—Ö–æ–¥–∏—Ç –≤ –ë–µ–ª–∞—Ä—É—Å–∏ 1 –º–∞—Ä—Ç–∞?

–†–∞—Å—Å–∫–∞–∑—ã–≤–∞–µ–º –æ–Ω–ª–∞–π–Ω. 

 ",0.0,0.0,0.9966334104537964
16,"–î–µ–≤–∞–ª—å–≤–∞—Ü–∏—è —Ä—É–±–ª—è —É–¥–∞—Ä–∏–ª–∞ –ø–æ —á–∏—Å—Ç–æ–π –ø—Ä–∏–±—ã–ª–∏, —É–±—ã—Ç–∫–∏ –≤—ã—Ä–æ—Å–ª–∏, —Ö—Ä–æ–Ω–∏–∫–∞–º –ø–æ–Ω–∞–¥–æ–±–∏–ª–∞—Å—å –ø–æ–º–æ—â—å. 

–ò—Ç–æ–≥–∏ 2020 –≥–æ–¥–∞.

 ",0.4378334879875183,0.0,0.5698626637458801
17,"–ü–µ—Ä–≤–∞—è –±–µ–ª–æ—Ä—É—Å–∫–∞ —Å COVID-19 ‚Äî –æ —Ç–æ–º, –∫–∞–∫ –ø—Ä–æ–∂–∏–ª–∞ ¬´–∫–æ—Ä–æ–Ω–∞–≤–∏—Ä—É—Å–Ω—ã–π –≥–æ–¥¬ª.

¬´–ú–µ–Ω—è –ø–æ—Ç–æ–º –∑–Ω–∞—Ç–Ω–æ –ø–æ–ª–∏–ª–∏ —à–∞–º–ø–∞–Ω—Å–∫–∏–º!¬ª 

 ",0.0,0.0,0.7431780099868774
18,"–£ –ø–æ—Å–æ–ª—å—Å—Ç–≤–∞ –ö—É–±—ã –∑–∞–¥–µ—Ä–∂–∞–ª–∏ –º–∏–Ω—á–∞–Ω–∏–Ω–∞, –∫–æ—Ç–æ—Ä—ã–π –ø–æ–∫–∞–∑–∞–ª –ø–∏—Å—Ç–æ–ª–µ—Ç –º–∏–ª–∏—Ü–∏–æ–Ω–µ—Ä—É. 

–û—Ä—É–∂–∏–µ –æ–∫–∞–∑–∞–ª–æ—Å—å ¬´–ø–Ω–µ–≤–º–∞—Ç–∏–∫–æ–π¬ª.

 ",0.0,0.0,0.6926519870758057
19,"–°—Ç–∞–ª–∏ –∏–∑–≤–µ—Å—Ç–Ω—ã –ø–æ–±–µ–¥–∏—Ç–µ–ª–∏ ¬´–ó–æ–ª–æ—Ç–æ–≥–æ –≥–ª–æ–±—É—Å–∞¬ª.

 ",0.0,0.0,0.5775054097175598
20,"–í –ë–µ–ª–∞—Ä—É—Å–∏ —Å–æ–∑–¥–∞–ª–∏ —Å–æ–±—Å—Ç–≤–µ–Ω–Ω—É—é —Ä–∞–∫–µ—Ç—É –¥–ª—è ¬´–ü–æ–ª–æ–Ω–µ–∑–∞¬ª (–µ–µ –æ—á–µ–Ω—å –∂–¥–∞–ª –ê–ª–µ–∫—Å–∞–Ω–¥—Ä –õ—É–∫–∞—à–µ–Ω–∫–æ).

 ",0.0,0.11280541121959686,0.6654205918312073
21,"–í–û–ó –Ω–∞–∑–≤–∞–ª–∞ –¥–æ–ª—é –Ω–∞—Å–µ–ª–µ–Ω–∏—è –ó–µ–º–ª–∏ —Å –∞–Ω—Ç–∏—Ç–µ–ª–∞–º–∏ –∫ COVID-19.

 ",0.33459946513175964,0.0,0.7371681928634644
22,"–ì–ª–∞–≤–∞ –ú–í–î –æ–± —É–≤–æ–ª—å–Ω–µ–Ω–∏—è—Ö —Å–æ—Ç—Ä—É–¥–Ω–∏–∫–æ–≤ –ø–æ—Å–ª–µ –≤—ã–±–æ—Ä–æ–≤: ¬´–≠—Ç–æ –±–æ–ª–µ–∑–Ω–µ–Ω–Ω—ã–π –¥–ª—è –º–µ–Ω—è –≤–æ–ø—Ä–æ—Å¬ª.

 ",0.09010298550128937,0.0,0.9324633479118347
23,"–° 1 –º–∞—Ä—Ç–∞ –≤–Ω–æ—Å—è—Ç—Å—è –∏–∑–º–µ–Ω–µ–Ω–∏—è –≤ —Ä–∞–±–æ—Ç—É –Ω–µ–∫–æ—Ç–æ—Ä—ã—Ö –º–∞—Ä—à—Ä—É—Ç–æ–≤ –≥–æ—Ä–æ–¥—Å–∫–æ–≥–æ –æ–±—â–µ—Å—Ç–≤–µ–Ω–Ω–æ–≥–æ —Ç—Ä–∞–Ω—Å–ø–æ—Ä—Ç–∞.

–í–æ—Ç —á—Ç–æ –ø–æ–º–µ–Ω—è–µ—Ç—Å—è. 
 ",0.13297423720359802,0.0,0.9304682612419128
24,"–ñ–∏—Ç–µ–ª—å –ë—Ä–µ—Å—Ç–∞ –∏–∑–±–∏–ª –∑–∞ –ø–ª–æ—Ö–∏–µ –æ—Ü–µ–Ω–∫–∏ 10-–ª–µ—Ç–Ω–µ–≥–æ —Å—ã–Ω–∞. 

–í–æ–∑–±—É–∂–¥–µ–Ω–æ —É–≥–æ–ª–æ–≤–Ω–æ–µ –¥–µ–ª–æ.

 ",0.21207880973815918,0.0,0.40734341740608215
25,"–° 1 –º–∞—Ä—Ç–∞ –æ–±–Ω–æ–≤–∏–ª–∏ –ö–æ–ê–ü. 

–ö–∞–∫–∏–µ —Ç–µ–ø–µ—Ä—å —à—Ç—Ä–∞—Ñ—ã –∑–∞ –∞–∫—Ü–∏–∏ –ø—Ä–æ—Ç–µ—Å—Ç–∞, –∑–∞–ø—Ä–µ—â–µ–Ω–Ω—É—é —Å–∏–º–≤–æ–ª–∏–∫—É –∏ –º–Ω–æ–≥–æ–µ –¥—Ä—É–≥–æ–µ?

 ",0.09010298550128937,0.0,0.8311530351638794
26,"–°–∏–ª–æ–≤–∏–∫–∏ –ø–æ–∑–¥—Ä–∞–≤–∏–ª–∏ –õ—É–∫–∞—à–µ–Ω–∫–æ —Å 23 —Ñ–µ–≤—Ä–∞–ª—è: –º–Ω–æ–≥–∏–µ –≤ –±–∞–ª–∞–∫–ª–∞–≤–∞—Ö, –¥–µ—Å–∞–Ω—Ç–Ω–∏–∫–∏ –±—å—é—Ç –±—á–±-–ø—Ä–µ–¥–º–µ—Ç—ã.

 ",0.14415885508060455,0.0,0.5621865391731262
27,"–í –†–æ—Å—Å–∏–∏ –±—ã–≤—à–∏–π –ø–∞—Ä–µ–Ω—å 3,5 —á–∞—Å–∞ —É–±–∏–≤–∞–ª –¥–µ–≤—É—à–∫—É. 

–ü–æ–ª–∏—Ü–µ–π—Å–∫–∏—Ö, –∫–æ—Ç–æ—Ä—ã–µ –Ω–µ –≤—ã–µ—Ö–∞–ª–∏ –Ω–∞ –≤—ã–∑–æ–≤, –±—É–¥—É—Ç —Å—É–¥–∏—Ç—å.

 ",0.24509501457214355,0.0,0.6791887283325195
28,"–ü—Ä–æ–≤–µ—Ä—å—Ç–µ —Å–≤–æ–µ –∑–Ω–∞–Ω–∏–µ –º–µ–¥–∏—Ü–∏–Ω—Å–∫–∏—Ö —Ç–µ—Ä–º–∏–Ω–æ–≤ –≤ –Ω–µ —Å–∞–º–æ–º –ø—Ä–æ—Å—Ç–æ–º —Ç–µ—Å—Ç–µ!

 ",0.24509501457214355,0.0,0.8774868249893188
29,"–ù–µ —á–∏—Ç–∞–ª–∏? –ß–∏—Ç–∞–π—Ç–µ. 

–¢–∏—Ö–∞–Ω–æ–≤—Å–∫–∞—è –æ –õ—É–∫–∞—à–µ–Ω–∫–æ: ¬´–•–∏—Ç—Ä—ã–π, –∂–µ—Å—Ç–∫–∏–π, –∂–µ—Å—Ç–æ–∫–∏–π. –Ø –¥–æ –ø–æ—Å–ª–µ–¥–Ω–µ–≥–æ –≤–µ—Ä–∏–ª–∞ –≤ –µ–≥–æ —á–µ–ª–æ–≤–µ—á–Ω–æ—Å—Ç—å¬ª. 

 ",0.3775506913661957,0.0,0.4843900501728058
30,"–ï—Å–ª–∏ –≤—ã –Ω–µ —á–∏—Ç–∞–ª–∏ –Ω–∞ —ç—Ç–æ–π –Ω–µ–¥–µ–ª–µ. 

–°—Ä–∞–≤–Ω–∏–ª–∏ –∂–∏—Ä–æ–≤–∫–∏ –±–æ–ª–µ–µ —á–µ–º –∏–∑ 100 –∫–≤–∞—Ä—Ç–∏—Ä –ø–æ –≤—Å–µ–π —Å—Ç—Ä–∞–Ω–µ. –†–∞—Å—Å–∫–∞–∑—ã–≤–∞–µ–º, —á—Ç–æ –∏–Ω—Ç–µ—Ä–µ—Å–Ω–æ–µ –æ–±–Ω–∞—Ä—É–∂–∏–ª–∏.

 ",0.2509227991104126,0.0,0.8439050912857056
31,"–í—Ä–∞—á–∏ –Ω–∞–∑–≤–∞–ª–∏ —Å–∞–º—ã–µ —Ç–∏–ø–∏—á–Ω—ã–µ –æ—à–∏–±–∫–∏ –ø–∞—Ü–∏–µ–Ω—Ç–æ–≤ –Ω–∞ –ø—Ä–∏–µ–º–µ. 

–ü—Ä–æ–≤–µ—Ä—å—Ç–µ, –Ω–µ –¥–æ–ø—É—Å–∫–∞–µ—Ç–µ –ª–∏ –∏—Ö –≤—ã!

 ",0.3415925204753876,0.0,0.3007555902004242
32,"–ò–≤–∞–Ω –£—Ä–≥–∞–Ω—Ç –ø—Ä–æ–∫–æ–º–º–µ–Ω—Ç–∏—Ä–æ–≤–∞–ª –¥–µ–π—Å—Ç–≤–∏—è –≥–æ–º–µ–ª—å—Å–∫–æ–≥–æ –≤–æ–µ–Ω–∫–æ–º–∞, –ø–æ–ª—É—á–∏–≤—à–µ–≥–æ ¬´–∑–∞—Ä—è–¥ —ç–Ω–µ—Ä–≥–∏–∏¬ª –æ—Ç –õ—É–∫–∞—à–µ–Ω–∫–æ. 

 ",0.0,0.0,0.754925012588501
33,"–ï—Å–ª–∏ –≤—ã –Ω–µ –≤–∏–¥–µ–ª–∏ –Ω–∞ –Ω–µ–¥–µ–ª–µ. 

¬´–ú–∞–≥–∞–∑–∏–Ω—ã –æ–ø—É—Å—Ç–µ—é—Ç? –°–∫–æ—Ä–æ –¥–µ–≤–∞–ª—å–≤–∞—Ü–∏—è?¬ª –≠–∫–æ–Ω–æ–º–∏—Å—Ç—ã –æ–±—ä—è—Å–Ω–∏–ª–∏, —á—Ç–æ –∑–Ω–∞—á–∏—Ç –∏ –∫ —á–µ–º—É –≤–µ–¥–µ—Ç –∑–∞–º–æ—Ä–æ–∑–∫–∞ —Ü–µ–Ω 

 ",0.1067005917429924,0.0,0.9381340146064758
34,"–≠—Ç–∏ —Å—Ç–µ—Ä–µ–æ—Ç–∏–ø—ã –æ–± –∏–Ω—Ç–∏–º–Ω–æ–π –≥–∏–≥–∏–µ–Ω–µ –≤–µ—Å—å–º–∞ —Å–æ–º–Ω–∏—Ç–µ–ª—å–Ω—ã. 

–ü–æ—Å–º–æ—Ç—Ä–∏—Ç–µ, –º–æ–∂–µ—Ç, –≤—ã —Ç–æ–∂–µ –≤ –Ω–∏—Ö –≤–µ—Ä–∏—Ç–µ? 

 ",0.07808816432952881,0.0,0.8175845146179199
35,–î–µ–ø—É—Ç–∞—Ç –ü–∞–ª–∞—Ç—ã –ø—Ä–µ–¥—Å—Ç–∞–≤–∏—Ç–µ–ª–µ–π –∏ –≥–ª–∞–≤–∞ —Ñ–µ–¥–µ—Ä–∞—Ü–∏–∏ —Ö–æ–∫–∫–µ—è –ì–æ–º–µ–ª—å—Å–∫–æ–π –æ–±–ª–∞—Å—Ç–∏ ‚Äî –æ –≥–µ–Ω–æ—Ü–∏–¥–µ. ,0.0,0.0,0.7186043858528137
36,"–•–æ–∫–∫–µ–π–Ω—ã–π —á–∏–Ω–æ–≤–Ω–∏–∫ –æ –µ–≤—Ä–æ–ø–µ–π—Å–∫–∏—Ö —Å–∞–Ω–∫—Ü–∏—è—Ö: ¬´–≠—Ç–æ —Å–∫—Ä—ã—Ç—ã–π –≥–µ–Ω–æ—Ü–∏–¥¬ª.

 ",0.13661839067935944,0.0,0.6992644667625427
37,"–°—Ç–∞—Ä—ã–µ —Ñ–æ—Ç–æ –í–∏—Ç–µ–±—Å–∫–∞ –∏–∑ –∞–ª—å–±–æ–º–æ–≤ –≥–æ—Ä–æ–∂–∞–Ω. 

–°–º–æ—Ç—Ä–∏—Ç–µ, –∫–∞–∫ –±—É—Ä–ª–∏–ª–∞ –∂–∏–∑–Ω—å –Ω–∞ —É–ª–∏—Ü–µ –õ–µ–Ω–∏–Ω–∞ –≤ 1960-—Ö. 

 ",0.0,0.0695517510175705,0.8311530351638794
38,"–ê–≤—Ç–æ–∑–∞–¥–∞—á–∫–∞ —Å –ø–æ–¥–≤–æ—Ö–æ–º. –ù–∞—Ä—É—à–∞–µ—Ç –ª–∏ –≤–æ–¥–∏—Ç–µ–ª—å, –≤—ã–µ–∑–∂–∞—è –∏–∑ –≤–æ—Ä–æ—Ç —Å–≤–æ–µ–≥–æ –¥–æ–º–∞ –Ω–∞ –¥–æ—Ä–æ–≥—É?

 ",0.0,0.0,0.5621865391731262
39,"–£—á–µ–Ω—ã–π –Ω–µ —Å–º–æ–≥ —Å—Ä–∞–∑—É —Ä–µ—à–∏—Ç—å –∑–∞–¥–∞—á—É –ø–æ –º–∞—Ç–µ–º–∞—Ç–∏–∫–µ, –∫–æ—Ç–æ—Ä—É—é –∑–∞–¥–∞–ª–∏ –µ–≥–æ 7-–ª–µ—Ç–Ω–µ–π –¥–æ—á–µ—Ä–∏.

 ",0.275139719247818,0.0,0.4765896201133728
40,"–í –ë–µ–ª–∞—Ä—É—Å–∏ –ø–µ—Ä–µ—Å–º–æ—Ç—Ä–µ–ª–∏ –ø–µ–Ω—Å–∏–æ–Ω–Ω—ã–µ –≤–∑–Ω–æ—Å—ã –ø–æ –Ω–µ–∫–æ—Ç–æ—Ä—ã–º —Ä–∞–±–æ—Ç–Ω–∏–∫–∞–º. 

–ß—Ç–æ —ç—Ç–æ –æ–∑–Ω–∞—á–∞–µ—Ç –¥–ª—è —Ç—Ä—É–¥—è—â–∏—Ö—Å—è?

 ",0.0,0.0980893224477768,0.9284188151359558
41,"–ë—Ä–µ—Å—Ç—Å–∫–∏–π –º–∞–≥–∞–∑–∏–Ω ¬´–ö–Ω—è–∑—å –í—ñ—Ç–∞—û—Ç¬ª –æ–±—ä—è–≤–∏–ª –æ –ø—Ä–∏–æ—Å—Ç–∞–Ω–æ–≤–∫–µ —Ä–∞–±–æ—Ç—ã.

–†–∞–Ω–µ–µ –º–∞–≥–∞–∑–∏–Ω—É ¬´–Ω–∞—Å—á–∏—Ç–∞–ª–∏¬ª –Ω–∞—Ä—É—à–µ–Ω–∏–π –ø–æ—á—Ç–∏ –Ω–∞ 80 —Ç—ã—Å—è—á. –ü–æ—Å–ª–µ —Å—É–¥–µ–±–Ω–æ–≥–æ —Ä–∞–∑–±–∏—Ä–∞—Ç–µ–ª—å—Å—Ç–≤–∞ —Å—É–º–º–∞ –Ω–∞—Ä—É—à–µ–Ω–∏–π —Å–Ω–∏–∑–∏–ª–∞—Å—å.

 ",0.0,0.0,0.8031837940216064
42,"–ú—É–∑—ã–∫–∞–Ω—Ç—ã –∏–∑ ¬´–†–∞–∑–±—ñ—Ç–∞–≥–∞ —Å—ç—Ä—Ü–∞ –ø–∞—Ü–∞–Ω–∞¬ª –≤—ã—à–ª–∏ –Ω–∞ —Å–≤–æ–±–æ–¥—É –ø–æ—Å–ª–µ 15 —Å—É—Ç–æ–∫ –∞—Ä–µ—Å—Ç–∞

 ",0.0,0.0,0.6584275364875793
43,"–ü–æ–¥ –ú–æ–ª–æ–¥–µ—á–Ω–æ –∑–∞–¥–µ—Ä–∂–∞–ª–∏ –∫–æ–º–ø–∞–Ω–∏—é –∏–∑ 20 —á–µ–ª–æ–≤–µ–∫.

¬´–°–æ–±–∏—Ä–∞–ª–∞—Å—å –Ω–∞ —à–∞—à–ª—ã–∫–∏¬ª. 

 ",0.0,0.07370626926422119,0.983095109462738
44,"–õ–∏—Ç–≤–∞ –Ω–µ –±—É–¥–µ—Ç –∞–≤—Ç–æ–º–∞—Ç–∏—á–µ—Å–∫–∏ –ø—Ä–æ–¥–ª–µ–≤–∞—Ç—å –≥—É–º–∞–Ω–∏—Ç–∞—Ä–Ω—ã–µ –≤–∏–∑—ã –¥–ª—è –±–µ–ª–æ—Ä—É—Å–æ–≤.

 ",0.38492217659950256,0.0,0.9755869507789612
45,"–¢–∏—Ö–∞–Ω–æ–≤—Å–∫–∞—è —Ä–∞—Å—Å—á–∏—Ç—ã–≤–∞–µ—Ç –Ω–∞ —É—Ö–æ–¥ –õ—É–∫–∞—à–µ–Ω–∫–æ –≤–µ—Å–Ω–æ–π.

 ",0.0,0.06755668669939041,0.9263137578964233
46,"–í –°–®–ê –æ–¥–æ–±—Ä–∏–ª–∏ –æ–¥–Ω–æ–∫–æ–º–ø–æ–Ω–µ–Ω—Ç–Ω—É—é –≤–∞–∫—Ü–∏–Ω—É –æ—Ç –∫–æ—Ä–æ–Ω–∞–≤–∏—Ä—É—Å–∞ Johnson &amp; Johnson.

 ",0.21207880973815918,0.0,0.8774868249893188
47,"–°–ª—É—Ö–∏ –æ ¬´–ø–∏—Å—å–º–∞—Ö —Å—á–∞—Å—Ç—å—è¬ª –∑–∞ —Ç–µ—Ö–æ—Å–º–æ—Ç—Ä –ø—Ä–∏–≤–µ–ª–∏ –∫ –±–µ–∑—É–º–Ω—ã–º –æ—á–µ—Ä–µ–¥—è–º.

¬´–ü–µ—Ä–≤—ã–π –≤–æ–¥–∏—Ç–µ–ª—å –ø—Ä–∏–µ—Ö–∞–ª –≤ 5.20 —É—Ç—Ä–∞¬ª. 

 ",0.0,0.0,0.4301573634147644
48,"¬´–ù–µ –∫–∞–∂–¥—ã–π –≤–∑—Ä–æ—Å–ª—ã–π –≤—ã–¥–µ—Ä–∂–∏—Ç¬ª. –¢—Ä–µ—Ö–ª–µ—Ç–Ω–µ–º—É –ú–∞—Ä–∫—É –ø–µ—Ä–µ—Å–∞–¥–∏–ª–∏ –ø–µ—á–µ–Ω—å. 

–°–µ–π—á–∞—Å –µ–≥–æ —Ä–æ–¥–∏—Ç–µ–ª–∏ –∏—â—É—Ç –¥–µ–Ω—å–≥–∏, —á—Ç–æ–±—ã –∑–∞–≤–µ—Ä—à–∏—Ç—å –ª–µ—á–µ–Ω–∏–µ.

 ",0.1968362182378769,0.0,0.546748161315918
49,"–ü–µ–Ω—Å–∏–æ–Ω–µ—Ä–∫–∞ –∏–∑ —ç–ª–µ–∫—Ç—Ä–∏—á–∫–∏ ‚Äî –æ –∑–∞–¥–µ—Ä–∂–∞–Ω–∏–∏ –∏ –û–∫—Ä–µ—Å—Ç–∏–Ω–∞: ¬´–ù–∞–º —Å–∫–∞–∑–∞–ª–∏, —á—Ç–æ –ª—É—á—à–µ –±—ã –º—ã –Ω–æ—Å–∫–∏ –≤—è–∑–∞–ª–∏¬ª.

 ",0.0,0.0,0.7773098945617676
50,"–ü–æ—è–≤–∏–ª—Å—è —Å–µ—Ä–≤–∏—Å, –∫–æ—Ç–æ—Ä—ã–π –ø–æ–∑–≤–æ–ª—è–µ—Ç ¬´–æ–∂–∏–≤–ª—è—Ç—å¬ª —Ñ–æ—Ç–æ ‚Äî –¥–∞–∂–µ —á–µ—Ä–Ω–æ-–±–µ–ª—ã–µ.

 ",0.0,0.16027602553367615,0.7981967926025391
51,"–ò—â–µ–º –¥–ª—è –º–∞—Ç–µ—Ä–∏–∞–ª–∞ —Ñ–∞–Ω–∞—Ç–æ–≤ –±–µ–ª–æ—Ä—É—Å—Å–∫–∏—Ö —Ñ—É—Ç–±–æ–ª—å–Ω—ã—Ö –∫–ª—É–±–æ–≤, –∫–æ—Ç–æ—Ä—ã–µ –≥–æ—Ç–æ–≤—ã —Ä–∞—Å—Å–∫–∞–∑–∞—Ç—å, –ø–æ—á–µ–º—É –±–æ–π–∫–æ—Ç–∏—Ä—É—é—Ç –º–∞—Ç—á–∏ –∏ –ø—Ä–∏ –∫–∞–∫–∏—Ö —É—Å–ª–æ–≤–∏—è—Ö –≤–µ—Ä–Ω—É—Ç—Å—è –Ω–∞ —Ç—Ä–∏–±—É–Ω—ã. 

–ï—Å–ª–∏ —ç—Ç–æ –≤—ã, –ø–∏—à–∏—Ç–µ –≤ –ª–∏—á–Ω—ã–µ —Å–æ–æ–±—â–µ–Ω–∏—è —Å—Ç—Ä–∞–Ω–∏—Ü—ã. 

–°–ø–∞—Å–∏–±–æ! 
–∏—â–µ–º_–≥–µ—Ä–æ–µ–≤ ",0.33459946513175964,0.0,0.6224693655967712
52,"¬´–Ø –≤—Å—Ç—Ä–µ—Ç–∏–ª–∞ –∏–¥–µ–∞–ª—å–Ω–æ–≥–æ –º—É–∂—á–∏–Ω—É, –Ω–æ –æ–Ω –±—Ä–æ—Å–∏—Ç –º–µ–Ω—è, –µ—Å–ª–∏ —è –Ω–µ —Ä–æ–∂—É –µ–º—É —Ä–µ–±–µ–Ω–∫–∞¬ª. 

–û—Ç–≤–µ—á–∞–µ—Ç –ø—Å–∏—Ö–æ–ª–æ–≥.

 ",0.0,0.0,0.2689514458179474
53,"–ö–æ—Ä–æ–Ω–∞–≤–∏—Ä—É—Å –≤ –ë–µ–ª–∞—Ä—É—Å–∏: —Å–≤–µ–∂–∏–µ –¥–∞–Ω–Ω—ã–µ –æ—Ç –ú–∏–Ω–∑–¥—Ä–∞–≤–∞

–í—Å–µ–≥–æ –∑–∞–±–æ–ª–µ–ª–∏: 287 306 (+1 347 –∑–∞ —Å—É—Ç–∫–∏)
–í—ã–∑–¥–æ—Ä–æ–≤–µ–ª–∏: 277 995 (+1 761)
–£–º–µ—Ä–ª–∏: 1 976 (+10)
–°–¥–µ–ª–∞–Ω–æ —Ç–µ—Å—Ç–æ–≤: 4 898 038 (+ 19 020) ",0.0,0.0,0.7879412174224854
54,"–ù–µ–º–µ—Ü –Ω–∞—à–µ–ª –Ω–µ–∏–∑–≤–µ—Å—Ç–Ω—ã–π –º–∞—Ä—à —Å–º–µ—Ä—Ç–∏ –∏–∑ –û—Å–≤–µ–Ω—Ü–∏–º–∞.

¬´–¢–µ—Ö, –∫—Ç–æ –Ω–µ –º–æ–≥ –±—ã—Å—Ç—Ä–æ –≤—ã–π—Ç–∏ –∏–∑ –≤–∞–≥–æ–Ω–∞, —Ä–∞—Å—Å—Ç—Ä–µ–ª–∏–≤–∞–ª–∏¬ª. 

 ",0.0,0.0,0.41490885615348816
55,"–ù–∞ 1 –º–∞—Ä—Ç–∞ –≤ –ë–µ–ª–∞—Ä—É—Å–∏ –æ–±—ä—è–≤–ª–µ–Ω –∂–µ–ª—Ç—ã–π —É—Ä–æ–≤–µ–Ω—å –æ–ø–∞—Å–Ω–æ—Å—Ç–∏ –∏–∑-–∑–∞ –≥–æ–ª–æ–ª–µ–¥–∏—Ü—ã.

 ",0.21734751760959625,0.0,0.40734341740608215
56,"–ì—Ä–æ–¥–Ω–µ–Ω—Å–∫–∏–π –∏—Å—Ç–æ—Ä–∏–∫ –Ω–∞–ø–∏—Å–∞–ª –æ—Ç–∫—Ä—ã—Ç–æ–µ –ø–∏—Å—å–º–æ –≥—É–±–µ—Ä–Ω–∞—Ç–æ—Ä—É –ø–æ –ø–æ–≤–æ–¥—É –°—Ç–∞—Ä–æ–≥–æ –∑–∞–º–∫–∞. 

–í–æ—Ç –æ —á–µ–º –æ–Ω –ø—Ä–æ—Å–∏—Ç.

 ",0.275139719247818,0.0,0.6791887283325195
57,"–ü–æ–¥–±–æ—Ä–∫–∞ –Ω–æ–≤—ã—Ö —Ñ–æ—Ç–æ –≤ —Å–µ—Ä–≤–∏—Å–µ ¬´–ù–∞—à–∏ –¥–æ—Ä–æ–≥–∏¬ª.

–õ–µ–¥–æ—Ö–æ–¥ –Ω–∞ —É–ª–∏—Ü–µ, –≥–æ—Ä—ã —Å–Ω–µ–≥–∞. 

 ",0.08757384121417999,0.0,0.8872146010398865
58,"–ì—Ä–æ–¥–Ω–µ–Ω—Ü–∞ –ø–æ–¥–æ–∑—Ä–µ–≤–∞—é—Ç –≤ —Å–æ–∑–¥–∞–Ω–∏–∏ —Ñ–∏–Ω–∞–Ω—Å–æ–≤—ã—Ö –ø–∏—Ä–∞–º–∏–¥. 

–û–Ω –ø–æ–ª–∞–≥–∞–µ—Ç, —á—Ç–æ —ç—Ç–æ –º–æ–∂–µ—Ç –±—ã—Ç—å —Å–≤—è–∑–∞–Ω–æ —Å –µ–≥–æ –ø–æ–∑–∏—Ü–∏–µ–π.

 ",0.12253321707248688,0.0,0.9399233460426331
59,"–§–∞–Ω–∞—Ç—ã –±–µ–ª–æ—Ä—É—Å—Å–∫–∏—Ö —Ñ—É—Ç–±–æ–ª—å–Ω—ã—Ö –∫–ª—É–±–æ–≤ –º–∞—Å—Å–æ–≤–æ –æ–±—ä—è–≤–ª—è—é—Ç –æ –±–æ–π–∫–æ—Ç–µ –º–∞—Ç—á–µ–π.

–ò–∑-–∑–∞ –ø–æ–ª–∏—Ç–∏—á–µ—Å–∫–æ–π —Å–∏—Ç—É–∞—Ü–∏–∏. 

 ",0.40734341740608215,0.0,0.8596737384796143
60,"–ö–∞–∫ –º–∏–Ω—á–∞–Ω–µ —Ä–∞–∑–≤–∏–≤–∞—é—Ç –±–∏–∑–Ω–µ—Å, –∫–æ—Ç–æ—Ä—ã–π –∑–∞—Ü–µ–ø–∏–ª –∏—Ö –≤ –ü–∏—Ç–µ—Ä–µ.

¬´–ü—ã—à–∫–∞ –¥–æ–ª–∂–Ω–∞ –±—ã—Ç—å –Ω–µ –¥–æ—Ä–æ–∂–µ –∂–µ—Ç–æ–Ω–∞¬ª.

 ",0.0,0.0,0.3702353835105896
61,"–ß–∏—Ç–∞—Ç–µ–ª—å–Ω–∏—Ü–∞: –£—Ç—Ä–µ–Ω–Ω–∏–π —Å–æ—Å—Ç–∞–≤, –∫–æ—Ç–æ—Ä—ã–π –µ—Ö–∞–ª –∏–∑ –ë—Ä–µ—Å—Ç–∞ –≤ –ú–∏–Ω—Å–∫, –∑–∞–¥–µ—Ä–∂–∞–ª—Å—è –Ω–∞ 50 –º–∏–Ω—É—Ç.

¬´–ü–æ–¥ –ø–æ–µ–∑–¥ –ø–æ–ø–∞–ª –ª–æ—Å—å¬ª. 

 ",0.0,0.0,0.8774868249893188
62,"–ù–∞ –ø–æ–ª–∫–∞—Ö –º–∞–≥–∞–∑–∏–Ω–æ–≤ —Å—Ç–∞–ª–æ –±–æ–ª—å—à–µ –∑–∞—Ä—É–±–µ–∂–Ω—ã—Ö –ø—Ä–æ–¥—É–∫—Ç–æ–≤. 

–ß–∏–Ω–æ–≤–Ω–∏–∫–∏ –ø—Ä–∏–¥—É–º–∞–ª–∏, –∫–∞–∫ –Ω–∞–Ω–µ—Å—Ç–∏ —É–¥–∞—Ä –ø–æ –∏–º–ø–æ—Ä—Ç—É.

 ",0.22271016240119934,0.0,0.8031837940216064
63,"–ß—Ç–æ –ø—Ä–æ–∏—Å—Ö–æ–¥–∏—Ç –≤ –ë–µ–ª–∞—Ä—É—Å–∏ 28 —Ñ–µ–≤—Ä–∞–ª—è. 

–û–Ω–ª–∞–π–Ω –¥–Ω—è.

 ",0.0,0.0,0.9399233460426331
64,"–£—á–µ–Ω—ã–µ: –ª–∏—à–Ω–∏–π –≤–µ—Å –º–æ–∂–µ—Ç —Å—Ç–∞—Ç—å –ø–æ–ª–µ–∑–Ω—ã–º, –µ—Å–ª–∏ –≤—ã –Ω–∞–±—Ä–∞–ª–∏ –µ–≥–æ –≤ —Å–µ—Ä–µ–¥–∏–Ω–µ –∂–∏–∑–Ω–∏.

 ",0.38492217659950256,0.0,0.6926519870758057
65,–ú–∏–Ω—Å–∫. –¢–∞–∫ –≤—ã–≥–ª—è–¥–µ–ª–∞ —É—Ç—Ä–µ–Ω–Ω—è—è –∞–∫—Ü–∏—è —Å–æ–ª–∏–¥–∞—Ä–Ω–æ—Å—Ç–∏ –≤ –°—É—Ö–∞—Ä–µ–≤–æ. ,0.1732981950044632,0.0,0.9219318628311157
66,"–ñ–µ–Ω—â–∏–Ω–∞ –ø—Ä–∏–Ω—è–ª–∞ –±–µ—Ä–µ–º–µ–Ω–Ω–æ—Å—Ç—å –∑–∞ –∞–ø–ø–µ–Ω–¥–∏—Ü–∏—Ç –∏ –Ω–µ–æ–∂–∏–¥–∞–Ω–Ω–æ —Ä–æ–¥–∏–ª–∞ –Ω–∞ –ø–∞—Ä–∫–æ–≤–∫–µ.

¬´–ú–Ω–µ –∫–∞–∂–µ—Ç—Å—è, —è —Ä–æ–∂–∞—é¬ª. 

 ",0.0,0.21734751760959625,0.0
67,"–ß—Ç–æ –ø—Ä–µ–¥–ª–∞–≥–∞—é—Ç –Ω–∞—à–∏ –¥–æ–º–æ—Å—Ç—Ä–æ–∏—Ç–µ–ª—å–Ω—ã–µ –∫–æ–º–±–∏–Ω–∞—Ç—ã?

–î–æ–º–∞, –∫–æ—Ç–æ—Ä—ã–µ —Ä–µ–∞–ª—å–Ω–æ –ø–æ—Å—Ç—Ä–æ–∏—Ç—å –∑–∞ —Ç—Ä–∏ –º–µ—Å—è—Ü–∞. 

 ",0.0,0.0,0.6654205918312073
68,"–ß–µ–º –≤ —ç—Ç–æ—Ç —Ä–∞–∑ —É–¥–∏–≤–ª—è—é—Ç –æ—Ä–∏–≥–∏–Ω–∞–ª—å–Ω—ã–µ –º–∞—Å—Ç–µ—Ä–∞ –Ω–∞ ¬´–î–æ—Å–∫–µ –ø–æ–∑–æ—Ä–∞¬ª?

–°–µ—Ä—å–µ–∑–Ω–æ ‚Äî —Å—Ç–∏—Ä–∞–ª–∫–∞ –Ω–∞–¥ —É–Ω–∏—Ç–∞–∑–æ–º? 

 ",0.3557848632335663,0.0,0.6992644667625427
69,"–ì–æ–¥ –Ω–∞–∑–∞–¥ –≤ –ë–µ–ª–∞—Ä—É—Å—å –ø—Ä–∏—à–µ–ª –∫–æ—Ä–æ–Ω–∞–≤–∏—Ä—É—Å. 

–†–∞—Å—Å–∫–∞–∑—ã–≤–∞–µ–º –ø—Ä–æ —ç—Ç–∏ 12 –º–µ—Å—è—Ü–µ–≤ –≤ —Ü–∏—Ñ—Ä–∞—Ö –∏ —Ñ–∞–∫—Ç–∞—Ö.

 ",0.06561483442783356,0.0,0.91965252161026
70,"–í–æ –≤—Å–µ—Ö —Ä–∞–π–æ–Ω–∞—Ö –ë–µ–ª–∞—Ä—É—Å–∏ —É–ø–∞–ª–∏ –∑–∞—Ä–ø–ª–∞—Ç—ã, –≤ –Ω–µ–∫–æ—Ç–æ—Ä—ã—Ö ‚Äî –±–æ–ª—å—à–µ —á–µ–º –Ω–∞ 300 —Ä—É–±–ª–µ–π.

 ",0.1097157895565033,0.0,0.7773098945617676
71,"57-–ª–µ—Ç–Ω—è—è –±–µ–ª–æ—Ä—É—Å–∫–∞ –≤—ã–∏–≥—Ä–∞–ª–∞ –º–µ–∂–¥—É–Ω–∞—Ä–æ–¥–Ω—ã–π –∫–æ–Ω–∫—É—Ä—Å –∫—Ä–∞—Å–æ—Ç—ã. 

–ü–æ–º–æ–≥–ª–∞ –∫—Ä–∞—Å–æ—Ç–∞, —É–≤–µ—Ä–µ–Ω–Ω–æ—Å—Ç—å –∏¬†—Å–æ–≤–µ—Ç—ã –•–∏–∂–∏–Ω–∫–æ–≤–æ–π.  ",0.0,0.19194278120994568,0.4378334879875183
72,"–ú–∏–Ω—Å–∫. –ñ–∏—Ç–µ–ª–∏ –ü–µ—Ä–µ—Å–ø—ã (—Ä–∞–π–æ–Ω –±—ã–≤—à–µ–≥–æ —Ñ–∞—Ä—Ñ–æ—Ä–æ–≤–æ–≥–æ –∑–∞–≤–æ–¥–∞ –Ω–∞ –ö—Ä–æ–ø–æ—Ç–∫–∏–Ω–∞) —Å–¥–µ–ª–∞–ª–∏ –≤–æ—Ç —Ç–∞–∫—É—é –∏–Ω—Å—Ç–∞–ª–ª—è—Ü–∏—é —Å –∏–∑–æ–±—Ä–∞–∂–µ–Ω–∏–µ–º —á–µ–ª–æ–≤–µ–∫–∞, –ø–æ—Ö–æ–∂–µ–≥–æ –Ω–∞ –≤–æ–µ–Ω–∫–æ–º–∞ –ì–æ–º–µ–ª—å—Å–∫–æ–π –æ–±–ª–∞—Å—Ç–∏. ",0.0,0.1067005917429924,0.7431780099868774
73,"–í –ú–∏–Ω—Å–∫–µ –º—É–∂—á–∏–Ω–∞ –ø—ã—Ç–∞–ª—Å—è –æ–≥—Ä–∞–±–∏—Ç—å –∂–µ–Ω—â–∏–Ω—É –≤ –ø–æ–¥—ä–µ–∑–¥–µ. 

–ö–æ–≥–¥–∞ –æ–Ω–∞ —Å—Ç–∞–ª–∞ –∑–≤–∞—Ç—å –Ω–∞ –ø–æ–º–æ—â—å, —É–¥–∞—Ä–∏–ª –Ω–æ–∂–æ–º –≤ —à–µ—é.

 ",0.29422497749328613,0.0,0.0
74,"–ü–æ–¥–µ–ª–∏—Ç–µ—Å—å!

–≤–æ–ø—Ä–æ—Å–¥–Ω—è ",0.0,0.014967083930969238,0.9916942119598389
75,"–í –ë—Ä–µ—Å—Ç–µ —É–º–µ—Ä —Å—É–¥–º–µ–¥—ç–∫—Å–ø–µ—Ä—Ç: —É –Ω–µ–≥–æ –±—ã–ª –∫–æ—Ä–æ–Ω–∞–≤–∏—Ä—É—Å.

 ",0.607673168182373,0.0,0.287777841091156
76,"C–µ–≤–µ—Ä–Ω—ã–π –õ–µ–¥–æ–≤–∏—Ç—ã–π –æ–∫–µ–∞–Ω –º–æ–∂–µ—Ç –ø–µ—Ä–µ—Å—Ç–∞—Ç—å –∑–∞–º–µ—Ä–∑–∞—Ç—å –≤ —Å–µ–Ω—Ç—è–±—Ä–µ —É–∂–µ –∫ 2055 –≥–æ–¥—É.

 ",0.12253321707248688,0.0,0.8175845146179199
77,"–í –ì—Ä–æ–¥–Ω–æ –∏–∑-–∑–∞ –æ–¥–Ω–æ–π —Å–∫—Ä—ã—Ç–æ–π –ø–æ–¥ –≤–æ–¥–æ–π —è–º—ã –ø–æ—Å—Ç—Ä–∞–¥–∞–ª–∏ –Ω–µ—Å–∫–æ–ª—å–∫–æ –º–∞—à–∏–Ω.

¬´–†–µ–≥–∏—Å—Ç—Ä–∞—Ç–æ—Ä –æ—Ü–µ–Ω–∏–ª –∫–∞–∫ –î–¢–ü¬ª.  ",0.2509227991104126,0.0,0.8519628047943115
78,"–í¬†–±–æ–ª—å–Ω–∏—Ü–µ —É–∫—Ä–∞–∏–Ω—Å–∫–æ–≥–æ –≥–æ—Ä–æ–¥–∞ –ß–µ—Ä–Ω–æ–≤—Ü—ã –ø—Ä–æ–∏–∑–æ—à–µ–ª –≤–∑—Ä—ã–≤.

 ",0.8774868249893188,0.0,0.607673168182373
79,–í —Ä–∞–π–æ–Ω–µ –ê–Ω–≥–∞—Ä—Å–∫–æ–π —Å–µ–≥–æ–¥–Ω—è –¥–Ω–µ–º –ø—Ä–æ—à–ª–∞ –∂–µ–Ω—Å–∫–∞—è –∞–∫—Ü–∏—è —Å –±–µ–ª–æ-–∫—Ä–∞—Å–Ω–æ-–±–µ–ª—ã–º–∏ –∑–æ–Ω—Ç–∏–∫–∞–º–∏. ,0.0,0.0,0.59267657995224
80,"–ñ–µ–Ω—â–∏–Ω —Å—Ç–µ—Ä–∏–ª–∏–∑–æ–≤–∞–ª–∏ –≤ —à–∫–æ–ª–∞—Ö –Ω–∞ –ø–æ–ª—É, –º—É–∂—á–∏–Ω –ø–æ—Ö–∏—â–∞–ª–∏ –ø–æ –Ω–æ—á–∞–º. 

–¢–∞–∫ –≤ –ò–Ω–¥–∏–∏ —Ä–µ–≥—É–ª–∏—Ä–æ–≤–∞–ª–∏ —Ä–æ–∂–¥–∞–µ–º–æ—Å—Ç—å.  ",0.0,0.0,0.7310686111450195
81,"–î–≤—É—Ö –º–∏–Ω—á–∞–Ω –æ—Å—É–¥–∏–ª–∏ –Ω–∞¬†—Ç—Ä–∏ –≥–æ–¥–∞ ¬´—Ö–∏–º–∏–∏¬ª –∑–∞¬†–∏–Ω—Å—Ç–∞–ª–ª—è—Ü–∏—é —Å¬†—Ñ–æ—Ç–æ –ö–æ—á–∞–Ω–æ–≤–æ–π –∏¬†–ö—É–±—Ä–∞–∫–æ–≤–∞.

 ",0.12253321707248688,0.0,0.9073222279548645
82,"–î–≤—É—Ö –º–∏–Ω—á–∞–Ω –æ—Å—É–¥–∏–ª–∏ –Ω–∞¬†—Ç—Ä–∏ –≥–æ–¥–∞ ¬´—Ö–∏–º–∏–∏¬ª –∑–∞¬†–∏–Ω—Å—Ç–∞–ª–ª—è—Ü–∏—é —Å¬†—Ñ–æ—Ç–æ –ö–æ—á–∞–Ω–æ–≤–æ–π –∏¬†–ö—É–±—Ä–∞–∫–æ–≤–∞.

",0.12253321707248688,0.0,0.9073222279548645
83,"–û—Ç –ê–Ω—Ç–∞—Ä–∫—Ç–∏–¥—ã –æ—Ç–∫–æ–ª–æ–ª—Å—è –≥–∏–≥–∞–Ω—Ç—Å–∫–∏–π –∞–π—Å–±–µ—Ä–≥ —Ä–∞–∑–º–µ—Ä–æ–º –±–æ–ª—å—à–µ –ú–∏–Ω—Å–∫–∞.

 ",0.0,0.0,0.8519628047943115
84,"–í –ú–æ–≥–∏–ª–µ–≤–µ –ø—Ä–æ–¥–æ–ª–∂–∞–µ—Ç—Å—è —Å—É–¥ –Ω–∞–¥ —ç–∫—Å-—á–∏–Ω–æ–≤–Ω–∏–∫–∞–º–∏ –∏ –¥–∏—Ä–µ–∫—Ç–æ—Ä–æ–º –∏–∑ –ë–æ–±—Ä—É–π—Å–∫–∞.

¬´–ï—Ä—É–Ω–¥–∞ –∫–∞–∫–∞—è-—Ç–æ¬ª.  ",0.24509501457214355,0.0,0.8634016513824463
85,"–í –ú–∏–Ω—Å–∫–æ–º –≥–æ—Ä–æ–¥—Å–∫–æ–º —Ü–µ–Ω—Ç—Ä–µ –≥–∏–≥–∏–µ–Ω—ã –∏ —ç–ø–∏–¥–µ–º–∏–æ–ª–æ–≥–∏–∏ –≤ –º–∞—Ä—Ç–µ –∏–∑–º–µ–Ω–µ–Ω –ø–æ—Ä—è–¥–æ–∫ –∑–∞–ø–∏—Å–∏ –Ω–∞ –ü–¶–†-—Ç–µ—Å—Ç—ã.

 ",0.06561483442783356,0.0,0.9783946871757507
86,"–°—É–¥—å–±–∞ —Å—Ç–∞–≤–∫–∏ —Ä–µ—Ñ–∏–Ω–∞–Ω—Å–∏—Ä–æ–≤–∞–Ω–∏—è, –æ–±–Ω–æ–≤–ª–µ–Ω–Ω—ã–π –ö–æ–ê–ü, –¥–µ–¥–ª–∞–π–Ω –ø–æ¬†–Ω–∞–ª–æ–≥–∞–º, ¬´–∑–∞–º–æ—Ä–æ–∑–∫–∞¬ª —Ü–µ–Ω. 

–ò–∑–º–µ–Ω–µ–Ω–∏—è –º–∞—Ä—Ç–∞.
 ",0.0,0.0,0.8175845146179199
87,"–§–æ—Ç–æ–≥—Ä–∞—Ñ –î–º–∏—Ç—Ä–∏–π –ë—Ä—É—à–∫–æ –≤—ã–ø—É—Å—Ç–∏–ª —Å–≤–æ–π –ø—Ä–æ–µ–∫—Ç ¬´Revision 30¬ª, –≤¬†–∫–æ—Ç–æ—Ä–æ–º –ø–æ–∫–∞–∑–∞–Ω–∞ –∂–∏–∑–Ω—å –ë–µ–ª–∞—Ä—É—Å–∏ –≤¬†90-—Ö –∏¬†–≤ —Å–æ–≤—Ä–µ–º–µ–Ω–Ω–æ—Å—Ç–∏. 

–í¬†–ø—Ä–æ–µ–∫—Ç–µ —Å–Ω–∏–º–∫–∏ –¥–≤—É—Ö —Ñ–æ—Ç–æ–≥—Ä–∞—Ñ–æ–≤¬†‚Äî –°–µ—Ä–≥–µ—è –∏¬†–î–º–∏—Ç—Ä–∏—è –ë—Ä—É—à–∫–æ, –æ—Ç—Ü–∞ –∏¬†—Å—ã–Ω–∞. ",0.0,0.0,0.9679093360900879
88,"–í –†–æ—Å—Å–∏–∏ —É–ø—Ä–æ—Å—Ç–∏–ª–∏ –≤—ã–ø—É—Å–∫–Ω—ã–µ —ç–∫–∑–∞–º–µ–Ω—ã —à–∫–æ–ª—å–Ω–∏–∫–∞–º –∏–∑-–∑–∞ –∫–æ—Ä–æ–Ω–∞–≤–∏—Ä—É—Å–∞.

–ß—Ç–æ –º–µ–Ω—è–µ—Ç—Å—è?  ",0.2509227991104126,0.0,0.8774868249893188
89,"–ö–∞–∫–∏–µ –∫—É—Ä—Å—ã –¥–æ–ª–ª–∞—Ä–∞ –∏ –µ–≤—Ä–æ –≤—ã—Å—Ç–∞–≤–∏–ª–∏ –æ–±–º–µ–Ω–Ω–∏–∫–∏ –Ω–∞ –≤—ã—Ö–æ–¥–Ω—ã–µ?

–†–∞—Å—Å–∫–∞–∑—ã–≤–∞–µ–º.  ",0.09535945951938629,0.0,0.9362950325012207
90,"¬´–ë—ç—É—à–∫–∞¬ª –∏–∑ –°–®–ê –ø—Ä–æ—Ç–∏–≤ ¬´–±—ç—É—à–∫–∏¬ª –∏–∑ –ï–≤—Ä–æ–ø—ã.

–†–∞–∑–æ–±—Ä–∞–ª–∏, –∫–∞–∫–æ–π –≤–∞—Ä–∏–∞–Ω—Ç –≤—ã–≥–æ–¥–Ω–µ–µ –Ω–∞ –∫–æ–Ω–∫—Ä–µ—Ç–Ω—ã—Ö –ø—Ä–∏–º–µ—Ä–∞—Ö.

 ",0.0,0.0,0.9241518378257751
91,"–ú–∏–Ω–∑–¥—Ä–∞–≤ —Ä–∞—Å—Å–∫–∞–∑–∞–ª, —Å–∫–æ–ª—å–∫–æ –ø–∞—Ü–∏–µ–Ω—Ç–æ–≤ –∏–Ω—Ñ–∏—Ü–∏—Ä–æ–≤–∞–Ω–æ COVID-19 –∑–∞¬†–ø–æ—Å–ª–µ–¥–Ω–∏–µ —Å—É—Ç–∫–∏ –∏¬†—Å–∫–æ–ª—å–∫–æ —É–º–µ—Ä–ª–æ.

 ",0.6001983880996704,0.0,0.46102678775787354
92,"–ü—Ä–æ–∫—É—Ä–æ—Ä –ø—Ä–æ—Å–∏—Ç 6 –ª–µ—Ç –∫–æ–ª–æ–Ω–∏–∏ –¥–ª—è –≤–∏—Ç–µ–±–ª—è–Ω–∏–Ω–∞ —Å –æ–Ω–∫–æ–∑–∞–±–æ–ª–µ–≤–∞–Ω–∏–µ–º, –∫–æ—Ç–æ—Ä–æ–≥–æ —Å—É–¥—è—Ç –∑–∞ –Ω–∞—Å–∏–ª–∏–µ –Ω–∞–¥ –º–∏–ª–∏—Ü–∏–µ–π.

 ",0.4225146472454071,0.0,0.6150978803634644
93,"–ì–æ–¥ –Ω–∞–∑–∞–¥ –≤¬†–ë–µ–ª–∞—Ä—É—Å–∏ –≤—ã—è–≤–∏–ª–∏ –ø–µ—Ä–≤—ã–π —Å–ª—É—á–∞–π COVID-19. 

–ß—Ç–æ —Å–¥–µ–ª–∞–Ω–æ –∑–∞¬†–≥–æ–¥, –∞¬†—á—Ç–æ¬†‚Äî –Ω–µ—Ç?

 ",0.0,0.0,0.8596737384796143
94,"–°–µ–∫—Å-—Å–∏–º–≤–æ–ª –±–∏–∞—Ç–ª–æ–Ω–∞ —Ä–∞–∑–≤–µ–ª–∞—Å—å –∏ —Å–Ω—è–ª–∞—Å—å –¥–ª—è Playboy (–Ω–æ —É–∂–µ –∑–∞–∫—Ä—É—Ç–∏–ª–∞ —Ä–æ–º–∞–Ω —Å –±–ª–∏–∑–∫–∏–º –¥—Ä—É–≥–æ–º).

 ",0.29422497749328613,0.0,0.21734751760959625
95,"–ö–∞–∫ —Å–¥–µ–ª–∞—Ç—å –º–∞–ª–µ–Ω—å–∫–∏–π —Å–∞–Ω—É–∑–µ–ª –∫—Ä–∞—Å–∏–≤—ã–º, —Å—Ç–∏–ª—å–Ω—ã–º –∏ —Ñ—É–Ω–∫—Ü–∏–æ–Ω–∞–ª—å–Ω—ã–º?

–†–µ–∫–æ–º–µ–Ω–¥–∞—Ü–∏–∏ –¥–∏–∑–∞–π–Ω–µ—Ä–∞.  ",0.026769286021590233,0.0,0.9553291201591492
96,"–ß—Ç–æ —É—á–µ–Ω—ã–µ —É–∑–Ω–∞–ª–∏ –æ —Ç–æ–º, —Ä–∞—Å–ø—Ä–æ—Å—Ç—Ä–∞–Ω—è—é—Ç –ª–∏ –≤–∞–∫—Ü–∏–Ω–∏—Ä–æ–≤–∞–Ω–Ω—ã–µ –∫–æ—Ä–æ–Ω–∞–≤–∏—Ä—É—Å?

 ",0.24509501457214355,0.0,0.9740526676177979
97,"–ù–µ —Å–µ–∫—Å, –∞ –Ω–æ—á–Ω–æ–π –∫–æ—à–º–∞—Ä.

 5 —Å–∏—Ç—É–∞—Ü–∏–π, –∫–æ—Ç–æ—Ä—ã–µ –≤—Å–µ—Ö –±–µ—Å—è—Ç –≤ –ø–æ—Å—Ç–µ–ª–∏.

 ",0.3007555902004242,0.0,0.4921981394290924
98,"–¢–µ—Å—Ç –ø–æ –æ–ª–¥–æ–≤—ã–º –º–µ–º–∞–º. 

–ì–æ—Ç–æ–≤—ã –ø–æ–¥—Ç–≤–µ—Ä–¥–∏—Ç—å –∑–≤–∞–Ω–∏–µ –∑–Ω–∞—Ç–æ–∫–∞?   ",0.0,0.0,0.8670457601547241
99,"–ß—Ç–æ —Å—Ç–∞–ª–æ —Å –∏–∫–æ–Ω–æ–π –Ω—É–ª–µ–≤—ã—Ö? 

–†–∞—Å—Å–∫–∞–∑—ã–≤–∞–µ–º, –∫–∞–∫ –ø–æ–∂–∏–≤–∞–µ—Ç –æ–¥–Ω–∞ –∏–∑ –±–æ–≥–∞—Ç–µ–π—à–∏—Ö –∂–µ–Ω—â–∏–Ω ‚Äî 40-–ª–µ—Ç–Ω—è—è –ü—ç—Ä–∏—Å –•–∏–ª—Ç–æ–Ω.

 ",0.0,0.0,0.4843900501728058
100,"–ò–Ω–¥–µ–∫—Å ¬´—á–∞—Ä–∫–∏-—à–∫–≤–∞—Ä–∫–∏¬ª.

–°—Ç–æ–∏–º–æ—Å—Ç—å –º—è—Å–∞ –∏ –≤–æ–¥–∫–∏ —Ä–µ–∫–æ—Ä–¥–Ω–æ –≤—ã—Ä–æ—Å–ª–∞, –ø–æ–∫—É–ø–∞—Ç–µ–ª—å–Ω–∞—è —Å–ø–æ—Å–æ–±–Ω–æ—Å—Ç—å –∑–∞—Ä–ø–ª–∞—Ç ‚Äî —Ç–æ–∂–µ.

 ",0.0,0.0,0.7931159734725952
101,"–†–∞—Å—Å–∫–∞–∑—ã–≤–∞–µ–º, –∫–∞–∫ –≤—ã–±—Ä–∞—Ç—å –¥–µ—Ç—Å–∫—É—é –∫—Ä–æ–≤–∞—Ç–∫—É.

  ",0.05835584178566933,0.0,0.9914325475692749
102,"–ï–° –æ —Å–∏—Ç—É–∞—Ü–∏–∏ –≤ –ë–µ–ª–∞—Ä—É—Å–∏ –∏ —Å—É–¥–∞—Ö –Ω–∞–¥ –∂—É—Ä–Ω–∞–ª–∏—Å—Ç–∞–º–∏: ¬´–≠—Ç–æ –Ω–µ–ø—Ä–∏–µ–º–ª–µ–º–æ –≤ –ï–≤—Ä–æ–ø–µ 21-–≥–æ –≤–µ–∫–∞ –∏ –¥–æ–ª–∂–Ω–æ –ø—Ä–µ–∫—Ä–∞—Ç–∏—Ç—å—Å—è¬ª.

 ",0.1259327530860901,0.0,0.754925012588501
103,"–ñ–∏—Ç–µ–ª–∏ –õ–æ–≥–æ–π—Å–∫–æ–≥–æ —Ç—Ä–∞–∫—Ç–∞, —Ä–∞–π–æ–Ω–∞ –≤–æ–∑–ª–µ –¢–¶ ¬´–†–∏–≥–∏¬ª –∏ –°–µ–ª—å—Ö–æ–∑–ø–æ—Å–µ–ª–∫–∞ –≤—ã—à–ª–∏ –Ω–∞ –º–∞—Ä—à. ",0.0,0.0,0.9615437984466553
104,"–°–µ–≥–æ–¥–Ω—è –≤ –ú–∏–Ω—Å–∫–µ –Ω–∞ –≤—ã—Ö–æ–¥–µ –∏–∑ —ç–ª–µ–∫—Ç—Ä–∏—á–∫–∏ –∑–∞–¥–µ—Ä–∂–∏–≤–∞–ª–∏ –ø–µ–Ω—Å–∏–æ–Ω–µ—Ä–æ–≤. –ò–º –ø—Ä–µ–¥—ä—è–≤–ª—è—é—Ç —É—á–∞—Å—Ç–∏–µ –≤ –Ω–µ—Å–∞–Ω–∫—Ü–∏–æ–Ω–∏—Ä–æ–≤–∞–Ω–Ω–æ–π –∞–∫—Ü–∏–∏ ‚Äî –ø–æ–∂–∏–ª—ã–µ –ª—é–¥–∏ —á–∏—Ç–∞–ª–∏ –≤ –ø–æ–µ–∑–¥–µ –∫–Ω–∏–≥–∏ –±–µ–ª–æ—Ä—É—Å—Å–∫–∏—Ö –ø–∏—Å–∞—Ç–µ–ª–µ–π.

¬´–°–æ—Ç—Ä—É–¥–Ω–∏–∫ –≤ –†–£–í–î —Å–∫–∞–∑–∞–ª, —á—Ç–æ –≤—Å–µ —ç—Ç–æ ‚Äî –æ–ø–ø–æ–∑–∏—Ü–∏–æ–Ω–Ω–∞—è –ª–∏—Ç–µ—Ä–∞—Ç—É—Ä–∞¬ª.

 ",0.2509227991104126,0.0,0.6723417043685913
105,"–ö–∞–∫–∏–µ —É –≤–∞—Å –≤–∞—Ä–∏–∞–Ω—Ç—ã?

–≤–æ–ø—Ä–æ—Å–¥–Ω—è ",0.0,0.0,0.9988405108451843
106,"–°–∞–º—ã–π –ø–æ–ø—É–ª—è—Ä–Ω—ã–π –±–µ–ª–æ—Ä—É—Å—Å–∫–∏–π —Ñ—É–¥–±–ª–æ–≥–µ—Ä —Ä–∞—Å—Å–∫–∞–∑–∞–ª, –ø–æ—á–µ–º—É –Ω–µ –ø–ª–∞–Ω–∏—Ä—É–µ—Ç –æ—Ç–∫—Ä—ã–≤–∞—Ç—å —Å–≤–æ–π —Ä–µ—Å—Ç–æ—Ä–∞–Ω.

 ",0.538993239402771,0.0,0.6001983880996704
107,"–ú–∏–Ω—á–∞–Ω–µ –ø—Ä–∏—à–ª–∏ –ø–æ—Å—Ç–∞–≤–∏—Ç—å –ø–æ–¥–ø–∏—Å—å –ø–æ–¥ –æ–±—Ä–∞—â–µ–Ω–∏–µ–º –∫ –¥–µ–ø—É—Ç–∞—Ç—É ‚Äî –∏ –ø–æ–ª—É—á–∏–ª–∏ –æ—Ç 30 –±–∞–∑–æ–≤—ã—Ö –¥–æ 15 —Å—É—Ç–æ–∫.

 ",0.1732981950044632,0.0,0.8031837940216064
108,"–í –ì—Ä–æ–¥–Ω–æ –∑–∞–¥–µ—Ä–∂–∞–ª–∏ –º—É–∂—á–∏–Ω—É, –∫–æ—Ç–æ—Ä—ã–π –≤ —Ç–µ–ª–µ–≥—Ä–∞–º-—á–∞—Ç–µ –ø—Ä–∏–∑—ã–≤–∞–ª –∫ –Ω–∞—Å–∏–ª–∏—é –Ω–∞–¥ –º–∏–ª–∏—Ü–∏–æ–Ω–µ—Ä–∞–º–∏. 

–í–æ–∑–±—É–∂–¥–µ–Ω–æ —É–≥–æ–ª–æ–≤–Ω–æ–µ –¥–µ–ª–æ.

 ",0.23371636867523193,0.0,0.7826725244522095
109,"–ù–∞–±–ª—é–¥–∞—Ç–µ–ª—å –Ω–∞–∑–≤–∞–ª —á–ª–µ–Ω–æ–≤ –∏–∑–±–∏—Ä–∞—Ç–µ–ª—å–Ω–æ–π –∫–æ–º–∏—Å—Å–∏–∏ –Ω–∞ —É—á–∞—Å—Ç–∫–µ —Ñ–∞–ª—å—Å–∏—Ñ–∏–∫–∞—Ç–æ—Ä–∞–º–∏ –∏ –ø–æ–ª—É—á–∏–ª 2 –≥–æ–¥–∞ ¬´—Ö–∏–º–∏–∏¬ª.

 ",0.07370626926422119,0.0,0.8519628047943115
110,"–í –ë–µ–ª–∞—Ä—É—Å–∏ —Å–Ω–∏–∑–∏–ª–∏—Å—å —Ä–µ–∞–ª—å–Ω—ã–µ –ø–µ–Ω—Å–∏–∏.

–¢–∞–∫–æ–≥–æ –ø–∞–¥–µ–Ω–∏—è –Ω–µ –±—ã–ª–æ —Å —Ñ–µ–≤—Ä–∞–ª—è 2019-–≥–æ.

 ",0.08757384121417999,0.0,0.8903042674064636
111,"–ß—Ç–æ –±—É–¥–µ—Ç –ø—Ä–æ–∏—Å—Ö–æ–¥–∏—Ç—å –≤ –º–∞—Ä—Ç–µ –Ω–∞ –≤–∞–ª—é—Ç–Ω–æ–º —Ä—ã–Ω–∫–µ –∏ –∫–∞–∫–∏–º –º–æ–∂–µ—Ç –±—ã—Ç—å –∫—É—Ä—Å –¥–æ–ª–ª–∞—Ä–∞?

–ü—Ä–æ–≥–Ω–æ–∑ —ç–∫—Å–ø–µ—Ä—Ç–∞.

 ",0.0,0.0,0.7663036584854126
112,"–í –í–û–ó –æ—Ü–µ–Ω–∏–ª–∏ —Ä–∏—Å–∫ –ø–µ—Ä–µ–¥–∞—á–∏ –≤ –†–æ—Å—Å–∏–∏ –ø—Ç–∏—á—å–µ–≥–æ –≥—Ä–∏–ø–ø–∞ H5N8.

–†–∞–Ω–µ–µ –∑–∞—Ñ–∏–∫—Å–∏—Ä–æ–≤–∞–ª–∏ –ø–µ—Ä–≤—ã–π —Å–ª—É—á–∞–π –∑–∞—Ä–∞–∂–µ–Ω–∏—è –∏–º —á–µ–ª–æ–≤–µ–∫–∞.

 ",0.0,0.0,0.8519628047943115
113,"–ú–æ–ª–æ–¥–∞—è –º–∞–º–∞ –∑–∞ –ø–æ–ª–≥–æ–¥–∞ —Å–±—Ä–æ—Å–∏–ª–∞ 33 –∫–≥ –±–µ–∑ —Ç—Ä–µ–Ω–∞–∂–µ—Ä–Ω–æ–≥–æ –∑–∞–ª–∞.

–í —á–µ–º –µ–µ —Å–µ–∫—Ä–µ—Ç?

 ",0.0,0.0,0.6370407938957214
114,"–û–ø—Ä–µ–¥–µ–ª–µ–Ω —Ç–∏–ø –ø–∏—Ç–∞–Ω–∏—è, –∫–æ—Ç–æ—Ä—ã–π –ø–æ–≤—ã—à–∞–µ—Ç —Ä–∏—Å–∫ —Å–µ—Ä–¥–µ—á–Ω—ã—Ö –ø—Ä–∏—Å—Ç—É–ø–æ–≤ –∏ –∏–Ω—Å—É–ª—å—Ç–æ–≤.

 ",0.1097157895565033,0.0,0.8267217874526978
115,"–†–∞–±–æ—Ç–Ω–∏–∫–∏ —Ç—Ä–µ–±—É—é—Ç, —á—Ç–æ–±—ã ¬´–ø–ª—é—à–∫–∏¬ª –±—ã–ª–∏ –Ω–µ —Ç–æ–ª—å–∫–æ —Ç–µ–º, –∫—Ç–æ –≤ –ø—Ä–æ—Ñ—Å–æ—é–∑–µ.

–û–Ω–∏ –æ–±—Ä–∞—Ç–∏–ª–∏—Å—å –∫ –º–∏–Ω–∏—Å—Ç—Ä—É.

 ",0.16886694729328156,0.0,0.91965252161026
116,"–ü–æ–º–Ω–∏—Ç–µ –º–∞–ª—å—á–∏–∫–∞, –∫–æ—Ç–æ—Ä—ã–π –≤ –ù–æ–≤–æ–≥—Ä—É–¥–∫–µ —Ç–∞—Å–∫–∞–ª –ø–æ –¥–≤–æ—Ä—É –∫–æ—Ç–∞?

–ï–≥–æ —Å–µ–º—å–µ –≤—ã–Ω–µ—Å–ª–∏ –ø—Ä–µ–¥—É–ø—Ä–µ–∂–¥–µ–Ω–∏–µ.

 ",0.0,0.0,0.771853506565094
117,"–ë–∞–π–∫–µ—Ä—ã –ø—ã—Ç–∞–ª–∏—Å—å –æ—Ç–±–∏—Ç—å —Å–≤–æ–µ–≥–æ —Ç–æ–≤–∞—Ä–∏—â–∞ —É –Ω–µ–∏–∑–≤–µ—Å—Ç–Ω—ã—Ö —É –¢–¶ ¬´–ï–≤—Ä–æ–ø–∞¬ª. –ò–º–∏ –æ–∫–∞–∑–∞–ª–∏—Å—å —Å–∏–ª–æ–≤–∏–∫–∏. 

–ü–∞—Ä–Ω–µ–π –æ—Ç–ø—Ä–∞–≤–∏–ª–∏ –≤ –∫–æ–ª–æ–Ω–∏—é –æ–±—â–µ–≥–æ —Ä–µ–∂–∏–º–∞.

 ",0.5698626637458801,0.0,0.0
118,"–ì–æ–º–µ–ª—å—Å–∫–∏–π –≤–æ–µ–Ω–∫–æ–º –ö—Ä–∏–≤–æ–Ω–æ—Å–æ–≤ –ø–æ–ª—É—á–∏–ª –æ—Ç –õ—É–∫–∞—à–µ–Ω–∫–æ –Ω–µ —Ç–æ–ª—å–∫–æ ¬´–∑–∞—Ä—è–¥ —ç–Ω–µ—Ä–≥–∏–∏¬ª, –Ω–æ –µ—â–µ –∏ –º–µ–¥–∞–ª—å.

¬´–ó–∞ –æ—Ç–ª–∏—á–∏–µ –≤ –æ—Ö—Ä–∞–Ω–µ –æ–±—â–µ—Å—Ç–≤–µ–Ω–Ω–æ–≥–æ –ø–æ—Ä—è–¥–∫–∞¬ª.

 ",0.0,0.15611489117145538,0.5544804334640503
119,"–ù–µ–±–æ–ª—å—à—É—é —Ü–µ–ø—å —Å–æ–ª–∏–¥–∞—Ä–Ω–æ—Å—Ç–∏ –∑–∞–º–µ—Ç–∏–ª–∏ —Å–µ–≥–æ–¥–Ω—è –Ω–∞ —É–ª–∏—Ü–µ –ì—É—Ä—Å–∫–æ–≥–æ –≤ –ú–∏–Ω—Å–∫–µ. –õ—é–¥–∏ —Å–∫–∞–Ω–¥–∏—Ä—É—é—Ç ¬´–û–¥–∏–Ω –∑–∞ –≤—Å–µ—Ö –∏ –≤—Å–µ –∑–∞ –æ–¥–Ω–æ–≥–æ¬ª –∏ ¬´–ü–æ–∫–∞ –º—ã –µ–¥–∏–Ω—ã, –º—ã –Ω–µ–ø–æ–±–µ–¥–∏–º—ã!¬ª. ",0.0,0.0,0.5544804334640503
120,"–ë–µ–ª–æ—Ä—É—Å –ø–µ—Ä–µ–µ—Ö–∞–ª –∏–∑ –ú–∏–Ω—Å–∫–∞ –∑–∞ 90 –∫–∏–ª–æ–º–µ—Ç—Ä–æ–≤ ¬´—É –º—è—Å—Ç—ç—á–∫–∞¬ª –∏ –≤–æ–∑—Ä–æ–∂–¥–∞–µ—Ç –µ–≥–æ.

¬´–ó–∞ 5‚àí10 —Ç—ã—Å—è—á –º–æ–∂–Ω–æ –≤–∑—è—Ç—å –¥–æ–º¬ª.

 ",0.0,0.0,0.9073222279548645
121,"–≠–∫—Å-–¥–∏—Ä–µ–∫—Ç–æ—Ä—É –æ—Ç–¥–µ–ª–µ–Ω–∏—è –ë–µ–ª–≥–∞–∑–ø—Ä–æ–º–±–∞–Ω–∫–∞ –≤ –ú–æ–≥–∏–ª–µ–≤–µ –°–µ—Ä–≥–µ—é –ö–∞—Ä–º—ã–∑–æ–≤—É –≤—ã–Ω–µ—Å–ª–∏ –ø—Ä–∏–≥–æ–≤–æ—Ä.

–í–∏–Ω—É –æ–±–≤–∏–Ω—è–µ–º—ã–π –ø—Ä–∏–∑–Ω–∞–ª –ø–æ–ª–Ω–æ—Å—Ç—å—é.

 ",0.1294127255678177,0.0,0.8558611869812012
122,"–ò–∑–æ–±—Ä–µ—Ç–∞—Ç–µ–ª—å–Ω–æ—Å—Ç—å –∏ –ª–æ–≤–∫–æ—Å—Ç—å –Ω–µ–∫–æ—Ç–æ—Ä—ã—Ö –¥–æ–º–∞—à–Ω–∏—Ö –ø–∏—Ç–æ–º—Ü–µ–≤ –∑–∞—Å–ª—É–∂–∏–≤–∞–µ—Ç —É–≤–∞–∂–µ–Ω–∏—è, –∏ –≥–µ—Ä–æ–π —ç—Ç–æ–≥–æ –≤–∏–¥–µ–æ –Ω–µ –∏—Å–∫–ª—é—á–µ–Ω–∏–µ. –ö–æ—Ç—É –Ω–∞–¥–æ–µ–ª–æ —Å–∏–¥–µ—Ç—å –Ω–∞ –∫–æ–Ω–¥–∏—Ü–∏–æ–Ω–µ—Ä–µ –∏ –æ–Ω —Ä–µ—à–∏–ª —Å–ø—É—Å—Ç–∏—Ç—Å—è —Å –Ω–µ–≥–æ, –Ω–æ –Ω–µ —Å–ø—Ä—ã–≥–Ω—É—Ç—å, –∞ –ø—Ä–æ–ª–µ–∑—Ç—å –ø–æ —Å—Ç–µ–Ω–µ. 

–ü–æ—Å–º–æ—Ç—Ä–∏—Ç–µ, –∫–∞–∫ —É –Ω–µ–≥–æ —ç—Ç–æ –ø–æ–ª—É—á–∏–ª–æ—Å—å. ",0.29422497749328613,0.0,0.3775506913661957
123,"–ù–∞–∑–≤–∞–Ω–∞ –ø—Ä–æ—Å—Ç–∞—è –ø—Ä–∏–≤—ã—á–∫–∞, –∫–æ—Ç–æ—Ä–∞—è –ø–æ–º–æ–∂–µ—Ç –∏–∑–±–µ–∂–∞—Ç—å –¥–µ–ø—Ä–µ—Å—Å–∏–∏.

–ù–∞–¥–µ–µ–º—Å—è, –≤–∞–º —ç—Ç–æ –ø–æ–º–æ–∂–µ—Ç.  ",0.41490885615348816,0.0,0.771853506565094
124,"–õ—É–∫–∞—à–µ–Ω–∫–æ —É–ø—Ä–æ—Å—Ç–∏–ª –≤–≤–æ–¥ –≤ —ç–∫—Å–ø–ª—É–∞—Ç–∞—Ü–∏—é —á–∞—Å—Ç–Ω—ã—Ö –¥–æ–º–æ–≤.

 ",0.20182321965694427,0.0,0.9324633479118347
125,"–ì—Ä—É–ø–ø–∞ Aura –ø–æ—Å–≤—è—Ç–∏–ª–∞ –ø–µ—Å–Ω—é —Å–ø–µ—Ü–ø–æ–¥—Ä–∞–∑–¥–µ–ª–µ–Ω–∏—é ¬´–ê–ª–º–∞–∑¬ª.

¬´–ï—â–µ –Ω–∏–∫—Ç–æ –Ω–∏–∫–æ–≥–¥–∞ –æ—Ç –Ω–∞—à–∏—Ö –Ω–µ —É—à–µ–ª‚Ä¶¬ª 

 ",0.18714269995689392,0.0,0.6001983880996704
126,"20 –±–∞–∑–æ–≤—ã—Ö —à—Ç—Ä–∞—Ñ–∞ –ø–æ–ª—É—á–∏–ª –∂–∏—Ç–µ–ª—å –ü—Ä—É–∂–∞–Ω –∑–∞ —Ä–µ–ø–æ—Å—Ç —Å—Ç–∞—Ç—å–∏ –æ –ù–∏–Ω–µ –ë–∞–≥–∏–Ω—Å–∫–æ–π –∏–∑ –∫–∞–Ω–∞–ª–∞-–∫–æ—Ç–æ—Ä—ã–π-–Ω–µ–ª—å–∑—è-–Ω–∞–∑—ã–≤–∞—Ç—å.

 ",0.09269777685403824,0.0,0.8840492963790894
127,"–í –ë–µ–ª–∞—Ä—É—Å–∏ –≤—ã–ø—É—Å—Ç–∏–ª–∏ –ø—Ä–æ–±–Ω—É—é —Å–µ—Ä–∏—é —Ä–æ—Å—Å–∏–π—Å–∫–æ–π –≤–∞–∫—Ü–∏–Ω—ã –æ—Ç –∫–æ—Ä–æ–Ω–∞–≤–∏—Ä—É—Å–∞.

 ",0.1067005917429924,0.0,0.9149109721183777
128,"–ó–≤–µ–∑–¥–∞ –±–µ–ª–æ—Ä—É—Å—Å–∫–æ–π –æ–ø–µ—Ä—ã —Å–∫–∞–∑–∞–ª —Ç—Ä–∏ —Å–ª–æ–≤–∞ –Ω–∞ –≤–∏–¥–µ–æ, –µ–≥–æ —É–≤–æ–ª–∏–ª–∏ –∑–∞ –∞–º–æ—Ä–∞–ª—å–Ω—ã–π –ø—Ä–æ—Å—Ç—É–ø–æ–∫ –∏ —Å—É–¥ —Å —ç—Ç–∏–º —Å–æ–≥–ª–∞—Å–∏–ª—Å—è.

 ",0.3140605390071869,0.0,0.3775506913661957
129,"–í –ú–∏–Ω—Å–∫–µ —Å–æ–±–∞–∫–∞ –∑–∞—Å—Ç—Ä—è–ª–∞ –≤ –º–µ—Ç–∞–ª–ª–∏—á–µ—Å–∫–æ–º –∑–∞–±–æ—Ä–µ. –ù–∞ –ø–æ–º–æ—â—å –ø—Ä–∏—à–ª–∏ —Å–ø–∞—Å–∞—Ç–µ–ª–∏ –∏–∑ –ú–ß–°. 

–§–æ—Ç–æ: –ú–ß–° –ë–µ–ª–∞—Ä—É—Å–∏ ",0.0,0.07808816432952881,0.8031837940216064
130,"–†—ã–Ω–æ–∫ –ª–µ–∫–∞—Ä—Å—Ç–≤ —à—Ç–æ—Ä–º–∏—Ç. 

–ü–æ—Å–º–æ—Ç—Ä–µ–ª–∏, –∫–∞–∫ –∏–∑–º–µ–Ω–∏–ª–∏—Å—å —Ü–µ–Ω—ã –Ω–∞ –æ–¥–Ω–∏ –∏ —Ç–µ –∂–µ –ø—Ä–µ–ø–∞—Ä–∞—Ç—ã —Å –∫–æ–Ω—Ü–∞ 2020-–≥–æ.

 ",0.14805719256401062,0.0,0.607673168182373
131,"–ß—Ç–æ –ø—Ä–æ–∏—Å—Ö–æ–¥–∏—Ç –≤ –º–∞–≥–∞–∑–∏–Ω–∞—Ö ¬´–î–æ–º–∞—à–Ω–∏–π¬ª –∏–∑-–∑–∞ –ø—Ä–æ–±–ª–µ–º —Å–µ—Ç–∏?

–ü–æ–¥ —É–≥—Ä–æ–∑–æ–π –¥–∞–∂–µ —É–Ω–∏–≤–µ—Ä—Å–∞–º ¬´–¶–µ–Ω—Ç—Ä–∞–ª—å–Ω—ã–π¬ª.

 ",0.20182321965694427,0.0,0.8031837940216064
132,"–í –ì—Ä–æ–¥–Ω–æ –Ω–∞—á–∞–ª–∏ —Å—É–¥–∏—Ç—å –≤–æ–¥–∏—Ç–µ–ª—è –¢–∏—Ö–∞–Ω–æ–≤—Å–∫–æ–≥–æ, –∫–æ—Ç–æ—Ä—ã–π –º–æ–ª—á–∞–ª –≤—Å–µ —Å–ª–µ–¥—Å—Ç–≤–∏–µ.

¬´–§–∞–Ω—Ç–∞—Å—Ç–∏–∫–∞ –∫–∞–∫–∞—è-—Ç–æ¬ª. 

 ",0.275139719247818,0.0,0.7431780099868774
133,"–ú–∏–Ω–∏—Å—Ç—Ä —Ñ–∏–Ω–∞–Ω—Å–æ–≤ –ë–µ–ª–∞—Ä—É—Å–∏ –Ω–µ –æ–ø–∞—Å–∞–µ—Ç—Å—è, —á—Ç–æ –∏–Ω–≤–µ—Å—Ç—Ñ–æ–Ω–¥—ã –ø–æ–π–¥—É—Ç –Ω–∞ –ø–æ–≤–æ–¥—É —É –õ–∞—Ç—É—à–∫–æ.

 ",0.14805719256401062,0.0,0.8634016513824463
134,"–ü–æ—Å–º–æ—Ç—Ä–∏—Ç–µ –Ω–∞ –ª–µ–±–µ–¥—è, –∫–æ—Ç–æ—Ä–æ–≥–æ —Å—Ñ–æ—Ç–æ–≥—Ä–∞—Ñ–∏—Ä–æ–≤–∞–ª –Ω–∞—à —á–∏—Ç–∞—Ç–µ–ª—å –≤ –ì—Ä–æ–¥–Ω–æ –Ω–∞ —Ä–µ–∫–µ –ù–µ–º–∞–Ω üòç ",0.0,0.21207880973815918,0.5698626637458801
135,"–ö–æ—Ä–æ–Ω–∞–≤–∏—Ä—É—Å –≤ –ë–µ–ª–∞—Ä—É—Å–∏: —Å–≤–µ–∂–∏–µ –¥–∞–Ω–Ω—ã–µ –æ—Ç –ú–∏–Ω–∑–¥—Ä–∞–≤–∞

–í—Å–µ–≥–æ –∑–∞–±–æ–ª–µ–ª–∏: 284 500 (+1 602 –∑–∞ —Å—É—Ç–∫–∏)
–í—ã–∑–¥–æ—Ä–æ–≤–µ–ª–∏: 274 743 (+1 597)
–£–º–µ—Ä–ª–∏: 1 957 (+9)
–°–¥–µ–ª–∞–Ω–æ —Ç–µ—Å—Ç–æ–≤: 4 861 238 (+19 458) ",0.0,0.0,0.7773098945617676
136,"–í–ª–∞—Å—Ç–∏ –æ–±—ä—è—Å–Ω–∏–ª–∏ –∂–∏—Ç–µ–ª—å–Ω–∏—Ü–µ –ü—Ä—É–∂–∞–Ω, –∫–∞–∫–∏–µ –ë–ß–ë-–≤–µ—â–∏ –≤ –±—ã—Ç—É –∑–∞–∫–æ–Ω–Ω—ã, –∞ —Å –∫–∞–∫–∏–º–∏ –µ—Å—Ç—å –Ω—é–∞–Ω—Å—ã.

 ",0.11921291798353195,0.0,0.9099169969558716
137,"–ì–æ—Å–¥–æ–ª–≥ –ë–µ–ª–∞—Ä—É—Å–∏ –∑–∞ –º–µ—Å—è—Ü –≤—ã—Ä–æ—Å –Ω–∞ 1,9 –º–ª—Ä–¥ —Ä—É–±–ª–µ–π, –∑–∞–Ω—è—Ç—å –Ω–∞ –≤–Ω–µ—à–Ω–∏—Ö —Ä—ã–Ω–∫–∞—Ö —É–¥–∞–ª–æ—Å—å –º–∏–∑–µ—Ä.

 ",0.0,0.0,0.6370407938957214
138,"–û—Ç–µ—Ü –¥–µ–≤—É—à–∫–∏, –∫–æ—Ç–æ—Ä–æ–π –¥–∞–ª–∏ 1,5 –≥–æ–¥–∞ –∑–∞ –≤–º—è—Ç–∏–Ω—É –Ω–∞ –±—É—Å–µ –º–∏–ª–∏—Ü–∏–∏: ¬´–ï–µ –±—Ä–∞—Ç —Å–ª—É–∂–∏—Ç –≤ –û–ú–û–ù–µ, –ø–µ—Ä–µ–∂–∏–≤–∞–µ—Ç –∑–∞ —Å–µ—Å—Ç—Ä—É¬ª.

 ",0.0,0.0,0.1968362182378769
139,"–ï–ë–†–† –æ—Ç–∫–∞–∑–∞–ª –≤ —Ñ–∏–Ω–∞–Ω—Å–∏—Ä–æ–≤–∞–Ω–∏–∏ —Ä–µ–∫–æ–Ω—Å—Ç—Ä—É–∫—Ü–∏–∏ –ø—É—Ç–µ–ø—Ä–æ–≤–æ–¥–∞ –≤ –°–≤–µ—Ç–ª–æ–≥–æ—Ä—Å–∫–µ.

 ",0.08757384121417999,0.0,0.9046605229377747
140,"–ú–æ–≥–∏–ª–µ–≤ –ª–∏—à–∏–ª—Å—è –¥–≤—É—Ö —É–Ω–∏–∫–∞–ª—å–Ω—ã—Ö –∏–º–∏–¥–∂–µ–≤—ã—Ö –ø—Ä–æ–µ–∫—Ç–æ–≤ ‚Äî –±–∞—à–µ–Ω–Ω—ã—Ö —á–∞—Å–æ–≤ –∏ –≥–æ—Ä–Ω–∏—Å—Ç–∞ (–∏ –≤—Å–µ –∏–∑-–∑–∞ –ø–æ–ª–∏—Ç–∏–∫–∏). 

–ß—Ç–æ –¥–∞–ª—å—à–µ?

 ",0.1824355274438858,0.0,0.6791887283325195
141,"–ö–∞–∫–∏–µ –∫—É—Ä—Å—ã –≤–∞–ª—é—Ç —É—Å—Ç–∞–Ω–æ–≤–∏–ª–∏ –æ–±–º–µ–Ω–Ω–∏–∫–∏?

 ",0.03022458776831627,0.0,0.979677677154541
142,"–ò—Å—Ç–æ—Ä–∏—è 40-–ª–µ—Ç–Ω–µ–≥–æ Opel Rekord —Å –ø—Ä–æ–±–µ–≥–æ–º 40 —Ç—ã—Å—è—á, –∫–æ—Ç–æ—Ä—ã–π –ø—Ä–æ–¥–∞–µ—Ç—Å—è –≤ –ú–∏–Ω—Å–∫–µ.

¬´–ö—É–ø–ª–µ–Ω –Ω–æ–≤—ã–º –≤ 1981 –≥–æ–¥—É –≤ –ì–µ—Ä–º–∞–Ω–∏–∏¬ª. 

 ",0.04604391008615494,0.0,0.9755869507789612
143,"–í –°–∫–∏–¥–µ–ª–µ –ø–µ–Ω—Å–∏–æ–Ω–µ—Ä —Å –Ω–æ–∂–æ–º –∏ –ø–∏—Å—Ç–æ–ª–µ—Ç–æ–º –ø—ã—Ç–∞–ª—Å—è –ø–æ–ø–∞—Å—Ç—å –≤ –∑–¥–∞–Ω–∏–µ –æ—Ç–¥–µ–ª–∞ –æ—Ö—Ä–∞–Ω—ã. 

–ó–∞—á–µ–º? –ü–æ—è—Å–Ω–∏—Ç—å –Ω–µ —Å–º–æ–≥.  ",0.4921981394290924,0.0,0.41490885615348816
144,"–ì–æ–º–µ–ª—å—á–∞–Ω–∫–µ, –∫–æ—Ç–æ—Ä—É—é —Ä–∞–Ω–µ–µ –æ—Å—É–¥–∏–ª–∏ –Ω–∞ 75 —Å—É—Ç–æ–∫ –∑–∞ —Ñ–æ—Ç–æ —Å —Ñ–ª–∞–≥–æ–º, –¥–∞–ª–∏ –µ—â–µ 15.

 –ò—Ç–æ–≥–æ ‚Äî —Ç—Ä–∏ –º–µ—Å—è—Ü–∞ –ø–æ–¥ –∞—Ä–µ—Å—Ç–æ–º.  ",0.0,0.0,0.4843900501728058
145,"–í –ú–∏–Ω—Å–∫–µ –∑–∞–º–µ—Ç–∏–ª–∏ –±–æ–µ–≤—ã–µ –±—Ä–æ–Ω–∏—Ä–æ–≤–∞–Ω–Ω—ã–µ –º–∞—à–∏–Ω—ã.

–ß—Ç–æ –∑–∞ –æ–Ω–∏?   ",0.1294127255678177,0.0,0.9304682612419128
146,"–í –º–µ—Ç—Ä–æ –ø–µ—Ä–µ—Å—Ç–∞–ª–∏ –æ–±—ä—è–≤–ª—è—Ç—å —Å—Ç–∞–Ω—Ü–∏–∏ –Ω–∞ –∞–Ω–≥–ª–∏–π—Å–∫–æ–º, –∞ –ø–æ—Ç–æ–º –ø–µ—Ä–µ–¥—É–º–∞–ª–∏. 

–°–ø—Ä–æ—Å–∏–ª–∏, —á—Ç–æ –ø—Ä–æ–∏—Å—Ö–æ–¥–∏—Ç.

 ",0.0,0.0,0.8706072568893433
147,"–î–≤–∞ –≥–æ–¥–∞ –ª–∏—à–µ–Ω–∏—è —Å–≤–æ–±–æ–¥—ã –ø–æ–ª—É—á–∏–ª –±—ã–≤—à–∏–π —Å–ø–∞—Å–∞—Ç–µ–ª—å.

–ù–∞¬†–∞–∫—Ü–∏–∏ –ø—Ä–æ—Ç–µ—Å—Ç–∞ –æ–Ω¬†–±—Ä–æ—Å–∏–ª —Ç—Ä—É–±—É –≤¬†–≤–æ–¥–æ–º–µ—Ç.

 ",0.0,0.0,0.5312193632125854
148,"–õ—É–∫–∞—à–µ–Ω–∫–æ: –ù–∏¬†–æ–¥–∏–Ω –º–æ–π —Ä–µ–±–µ–Ω–æ–∫ –ø—Ä–µ–∑–∏–¥–µ–Ω—Ç–æ–º –≤¬†–ë–µ–ª–∞—Ä—É—Å–∏ –Ω–µ¬†–±—É–¥–µ—Ç –ø–æ—Å–ª–µ –º–µ–Ω—è.

 ",0.0,0.21207880973815918,0.3629792034626007
149,"–ö–∞—Ä—Ç–æ—á–∫–∏ –Ω–µ–∫–æ—Ç–æ—Ä—ã—Ö –±–∞–Ω–∫–æ–≤ –º–æ–≥—É—Ç –≤—Ä–µ–º–µ–Ω–Ω–æ –Ω–µ —Ä–∞–±–æ—Ç–∞—Ç—å –≤ –Ω–æ—á—å —Å –ø—è—Ç–Ω–∏—Ü—ã.

–ó–Ω–∞–π—Ç–µ —ç—Ç–æ!  ",0.2509227991104126,0.0,0.7371681928634644
150,"–ü–æ—á–µ–º—É –¥–µ—Ç–∏ –≤–æ—Ä—É—é—Ç? 

–≠–∫—Å–ø–µ—Ä—Ç –æ–±—ä—è—Å–Ω—è–µ—Ç –ø—Ä–∏—á–∏–Ω—ã.  ",0.11280541121959686,0.0,0.9362950325012207
151,"–°–µ–π—á–∞—Å –ø–ª—é—Å –¥–∞–∂–µ –Ω–æ—á—å—é, –∞ –∫–∞–∫–∏–º–∏ –±—É–¥—É—Ç –≤—ã—Ö–æ–¥–Ω—ã–µ?

–°–∏–Ω–æ–ø—Ç–∏–∫–∏ –æ –ø–æ–≥–æ–¥–µ –Ω–∞ –∫–æ–Ω–µ—Ü —Ñ–µ–≤—Ä–∞–ª—è ‚Äî –Ω–∞—á–∞–ª–æ –º–∞—Ä—Ç–∞.

 ",0.287777841091156,0.0,0.16452647745609283
152,"–†–∞—Å—Å–∫–∞–∑—ã–≤–∞–µ–º –ø—Ä–æ –ø—è—Ç—å –∫–ª–∞—Å—Å–Ω—ã—Ö (–∏ –Ω–µ–¥–æ—Ä–æ–≥–∏—Ö) —É–≤–ª–∞–∂–Ω—è—é—â–∏—Ö –∫—Ä–µ–º–æ–≤ –¥–ª—è –ª–∏—Ü–∞.

–ü—Ä–æ—â–∞–π, —Å—É—Ö–æ—Å—Ç—å.  ",0.08036746829748154,0.0,0.4765896201133728
153,"–ü—Ä–µ–∑–∏–¥–µ–Ω—Ç–æ–º –ù–∞—Ü–∏–æ–Ω–∞–ª—å–Ω–æ–≥–æ –æ–ª–∏–º–ø–∏–π—Å–∫–æ–≥–æ –∫–æ–º–∏—Ç–µ—Ç–∞ –ë–µ–ª–∞—Ä—É—Å–∏ –∏–∑–±—Ä–∞–ª–∏ –í–∏–∫—Ç–æ—Ä–∞ –õ—É–∫–∞—à–µ–Ω–∫–æ

–†–∞–Ω—å—à–µ –∏–º –±—ã–ª –ê–ª–µ–∫—Å–∞–Ω–¥—Ä –õ—É–∫–∞—à–µ–Ω–∫–æ.

 ",0.0,0.0,0.8311530351638794
154,"–ò–∑ ¬´–î–∞–Ω–∞ –ú–æ–ª–ª¬ª —ç–≤–∞–∫—É–∏—Ä—É—é—Ç –ª—é–¥–µ–π. 

–°—É–¥—è –ø–æ¬†–≤—Å–µ–º—É, –¢–¶¬†–≤¬†–æ—á–µ—Ä–µ–¥–Ω–æ–π —Ä–∞–∑ –∑–∞–º–∏–Ω–∏—Ä–æ–≤–∞–ª–∏.

 ",0.5621865391731262,0.0,0.5312193632125854
155,"–õ—É–∫–∞—à–µ–Ω–∫–æ¬†‚Äî –æ¬†–ø—Ä–µ–¥—Å—Ç–æ—è—â–µ–π –û–ª–∏–º–ø–∏–∞–¥–µ: ¬´–¢–æ—á–Ω–æ —Ç–∞–∫, –∫–∞–∫ –†–æ—Å—Å–∏—é, –Ω–∞—Å –±—É–¥—É—Ç –ø–ª—é—â–∏—Ç—å —Å–æ¬†–≤—Å–µ—Ö —Å—Ç–æ—Ä–æ–Ω¬ª.

 ",0.23935934901237488,0.0,0.30736804008483887
156,"–í–∫–ª–∞–¥–æ–≤ –≤ —Ä—É–±–ª—è—Ö –¥–æ 3 –º–µ—Å—è—Ü–µ–≤ –ø–æ–¥ 20% –±–æ–ª—å—à–µ –Ω–µ—Ç. 

–ß—Ç–æ –æ—Å—Ç–∞–ª–æ—Å—å —Ç–µ–º, –∫—Ç–æ —Ö–æ—á–µ—Ç –æ—Ç–∫—Ä—ã—Ç—å –¥–µ–ø–æ–∑–∏—Ç?

 ",0.07370626926422119,0.0,0.880807101726532
157,"–í —ç—Ç–∏ –≤—ã—Ö–æ–¥–Ω—ã–µ –≤ –ú–∏–Ω—Å–∫–µ —Å—Ç–æ–ª—å–∫–æ –æ—Ç–ª–∏—á–Ω—ã—Ö –º–µ—Ä–æ–ø—Ä–∏—è—Ç–∏–π, —á—Ç–æ –≤—ã –±—É–¥–µ—Ç–µ —É–¥–∏–≤–ª–µ–Ω—ã.

 –í–æ—Ç –æ–Ω–∏.  ",0.2568419873714447,0.3702353835105896,0.0
158,"–ù–∞—á–∞—Ç—å –Ω–æ–≤—É—é –∂–∏–∑–Ω—å —Å 1 –º–∞—Ä—Ç–∞. 

–†–∞—Å—Å–∫–∞–∑—ã–≤–∞–µ–º, —á—Ç–æ –º–æ–∂–µ—Ç –≤–∞–º –ø–æ–º–µ—à–∞—Ç—å –∏ –∫–∞–∫ —Å —ç—Ç–∏–º —Å–ø—Ä–∞–≤–∏—Ç—å—Å—è.

 ",0.0980893224477768,0.0,0.9046605229377747
159,"–í—ã–±—Ä–æ—à–µ–Ω–Ω—ã–µ –Ω–∞¬†–ª–µ–¥ –≤¬†–®–∫–ª–æ–≤–µ –æ—Å–≤–µ–∂–µ–≤–∞–Ω–Ω—ã–µ —Ç—Ä—É–ø—ã –∂–∏–≤–æ—Ç–Ω—ã—Ö –æ–∫–∞–∑–∞–ª–∏—Å—å –ª–∏—Å—å–∏–º–∏. 

–ò—Ö¬†–ø—Ä–æ–≤–µ—Ä—è—é—Ç –Ω–∞¬†–±–µ—à–µ–Ω—Å—Ç–≤–æ.
 ",0.33459946513175964,0.0,0.5000100135803223
160,"–ü—Ä–∏–≤–∞—Ç–∏–∑–∏—Ä–æ–≤–∞–ª–∏, –æ—Ç–æ–±—Ä–∞–ª–∏, –ø—Ä–æ–¥–∞–ª–∏ –±–∏–∑–Ω–µ—Å–º–µ–Ω—É, –Ω–∞—Ü–∏–æ–Ω–∞–ª–∏–∑–∏—Ä–æ–≤–∞–ª–∏. 

–í–æ—Ç —á–µ–º –∏–∑–≤–µ—Å—Ç–Ω–æ –ø—Ä–µ–¥–ø—Ä–∏—è—Ç–∏–µ, –Ω–∞¬†–∫–æ—Ç–æ—Ä–æ–º –∂–¥—É—Ç –õ—É–∫–∞—à–µ–Ω–∫–æ.

  ",0.3557848632335663,0.0,0.8080772161483765
161,"–ë—ã–≤—à–∏–π –≤–æ–µ–Ω–Ω—ã–π –æ–±¬†—É—Ö–æ–¥–µ –∏–∑¬†–í–° –∏¬†–∂–∏–∑–Ω–∏ –≤–Ω–µ —Å–∏—Å—Ç–µ–º—ã.

¬´–¢—ã¬†–æ—Ñ–∏—Ü–µ—Ä. –î–æ–ª–∂–µ–Ω —Å–æ–æ—Ç–≤–µ—Ç—Å—Ç–≤–æ–≤–∞—Ç—å —ç—Ç–∏–º –∑–≤–µ–∑–¥–∞–º¬ª.

 ",0.0,0.0,0.8872146010398865
162,"–ó–µ–º—Ñ–∏—Ä–∞ –≤—ã–ø—É—Å—Ç–∏–ª–∞ –ø–µ—Ä–≤—ã–π –∞–ª—å–±–æ–º –∑–∞ –≤–æ—Å–µ–º—å –ª–µ—Ç.

 ",0.0,0.0,0.754925012588501
163,"–†–æ—Å—Å–∏–π—Å–∫–∏–µ –¥–∏–ø–ª–æ–º–∞—Ç—ã –≤–µ—Ä–Ω—É–ª–∏—Å—å –∏–∑ –ö–ù–î–† –Ω–∞ –¥—Ä–µ–∑–∏–Ω–µ, –∫–æ—Ç–æ—Ä—É—é —Å–∞–º–∏ –∏ —Ç–æ–ª–∫–∞–ª–∏.

 ",0.14034625887870789,0.0,0.5078218579292297
164,"–ú–∞–∫–µ–π –∏ –ü–æ–ª—è–∫–æ–≤–∞ ‚Äî –æ —Å–µ–∫—Ä–µ—Ç–∞—Ö –±—Ä–∞–∫–∞, –±—ã—Ç–µ, –õ–∞—Ç—É—à–∫–æ –∏ –ø–æ–ª–∏—Ç–∏–∫–µ.

¬´–ö–æ–≥–¥–∞ –í–æ–ª–æ–¥—è –≥–æ—Ç–æ–≤–∏—Ç, –≤ –¥–æ–º–µ –≤—Å–µ –∑–∞–º–∏—Ä–∞–µ—Ç¬ª.

 ",0.0,0.0,0.41490885615348816
165,"–°–æ–±–∞–∫–∏ –∏–∑–æ –≤—Å–µ—Ö —Å–∏–ª –ø—ã—Ç–∞–ª–∏—Å—å –¥–æ—Å—Ç–∞—Ç—å –ø—Ä–∏–º–µ—Ä–∑—à—É—é –∏–≥—Ä—É—à–∫—É. 

–í–æ—Ç —á—Ç–æ —É –Ω–∏—Ö –≤—ã—à–ª–æ.  ",0.5621865391731262,0.0,0.3557848632335663
166,"–í¬†–º–∏—Ä–µ –æ—Ç¬†–ø–æ—Å–ª–µ–¥—Å—Ç–≤–∏–π –∫–æ—Ä–æ–Ω–∞–≤–∏—Ä—É—Å–∞ —É–º–µ—Ä–ª–∏ 2,5 –º–ª–Ω —á–µ–ª–æ–≤–µ–∫.

 ",0.4301573634147644,0.0,0.8558611869812012
167,"–ë–ª–∏–∑–Ω–µ—Ü—ã —Ä–æ–¥–∏–ª–∏—Å—å –≤¬†–æ–¥–∏–Ω –¥–µ–Ω—å, –Ω–æ¬†–∏—Ö¬†—Ä–∞–∑–Ω–∏—Ü–∞ –≤¬†–≤–æ–∑—Ä–∞—Å—Ç–µ¬†‚Äî 3 –Ω–µ–¥–µ–ª–∏. 

–ö–∞–∫ —Ç–∞–∫–æ–µ –≤–æ–∑–º–æ–∂–Ω–æ?  ",0.09010298550128937,0.0,0.585111141204834
168,"–ï–∫–∞—Ç–µ—Ä–∏–Ω–∞ –°–Ω—ã—Ç–∏–Ω–∞ –ø—Ä–æ–∫–æ–º–º–µ–Ω—Ç–∏—Ä–æ–≤–∞–ª–∞ —Å–ª–æ–≤–∞ –†—ã–∂–µ–Ω–∫–æ–≤–∞ –æ –≤–æ–∑–º–æ–∂–Ω–æ–º –Ω–µ–ø—Ä–æ–¥–ª–µ–Ω–∏–∏ –∫–æ–Ω—Ç—Ä–∞–∫—Ç–∞ —Å –ú–∏–Ω—Å–ø–æ—Ä—Ç–∞.

 ",0.0,0.026769286021590233,0.9820237755775452
169,"–í–∑–≥–ª—è–Ω–∏—Ç–µ –Ω–∞ –∫–≤–∞—Ä—Ç–∏—Ä—É –≤ –ú–æ—Å–∫–≤–µ –∞-–ª—è —Å–∞–ª–æ–Ω 20-—Ö –≥–æ–¥–æ–≤.

–ö–∞–∫ –≤–∞–º –æ–Ω–∞?  ",0.0,0.0,0.7879412174224854
170,"–û–û–ù: –û—Ä–≥–∞–Ω—ã –ø—Ä–µ–¥–≤–∞—Ä–∏—Ç–µ–ª—å–Ω–æ–≥–æ —Ä–∞—Å—Å–ª–µ–¥–æ–≤–∞–Ω–∏—è –ë–µ–ª–∞—Ä—É—Å–∏ –ø–æ–ª—É—á–∏–ª–∏ 4644 –∂–∞–ª–æ–±—ã –æ¬†–ø—Ä–∏–º–µ–Ω–µ–Ω–∏–∏ —Å–∏–ª—ã –∏¬†—Å–ø–µ—Ü—Å—Ä–µ–¥—Å—Ç–≤ —Å–∏–ª–æ–≤–∏–∫–∞–º–∏.

 ",0.15611489117145538,0.0,0.8558611869812012
171,"–ï–°¬†–ø—Ä–æ–¥–ª–∏–ª —Å–∞–Ω–∫—Ü–∏–∏ –≤¬†–æ—Ç–Ω–æ—à–µ–Ω–∏–∏ –ë–µ–ª–∞—Ä—É—Å–∏.

 ",0.048867784440517426,0.0,0.9908843636512756
172,"–ü–æ—á–µ–º—É –≤ –ê—Ä–º–µ–Ω–∏–∏ –æ–±–æ—Å—Ç—Ä–∏–ª—Å—è –ø–æ–ª–∏—Ç–∏—á–µ—Å–∫–∏–π –∫—Ä–∏–∑–∏—Å –∏ –ø—Ä–∏ —á–µ–º —Ç—É—Ç —Ä–æ—Å—Å–∏–π—Å–∫–æ–µ –æ—Ä—É–∂–∏–µ?

¬´–ò—Å–∫–∞–Ω–¥–µ—Ä¬ª —Ä–∞–∑–¥–æ—Ä–∞.  ",0.10088862478733063,0.0,0.8706072568893433
173,"10 –ª–µ—Ç –ø–æ¬†–¥–µ–ª—É –æ¬†–≤—ã—Å—Ç—Ä–µ–ª–µ –≤¬†–ë—Ä–µ—Å—Ç–µ. 

–ß—Ç–æ —Ä–∞—Å—Å–∫–∞–∑—ã–≤–∞—é—Ç —Ä–æ–¥–Ω—ã–µ –æ—Å—É–∂–¥–µ–Ω–Ω—ã—Ö –∏¬†–∞–¥–≤–æ–∫–∞—Ç?

",0.08036746829748154,0.0,0.6791887283325195
174,"–í –ú–æ—Å–∫–≤–µ –Ω–∞—à–ª–∏ —Ç–µ–ª–æ 20-–ª–µ—Ç–Ω–µ–π –ø–∏—Å–∞—Ç–µ–ª—å–Ω–∏—Ü—ã –ê–¥–µ–ª–∏–Ω—ã –®–µ–ª–¥–æ–Ω. 

–ï—Å—Ç—å –≤–µ—Ä—Å–∏—è, —á—Ç–æ –¥–µ–≤—É—à–∫–∞ —É–º–µ—Ä–ª–∞ –æ—Ç –≥–æ–ª–æ–¥–∞.  ",0.21734751760959625,0.0,0.8175845146179199
175,"–ß—Ç–æ –±—É–¥–µ—Ç —Å —Ä–µ–±–µ–Ω–∫–æ–º, –µ—Å–ª–∏ –±–µ—Ä–µ–º–µ–Ω–Ω–∞—è –∫—É—Ä–∏—Ç? –ê –≤—ã–ø–∏–≤–∞–µ—Ç?

 –°–ø—Ä–æ—Å–∏–ª–∏ —É –Ω–µ–æ–Ω–∞—Ç–æ–ª–æ–≥–∞.  ",0.0,0.0,0.8840492963790894
176,"–°—Ç–∞–ª–æ –∏–∑–≤–µ—Å—Ç–Ω–æ, –∑–∞ —á—Ç–æ –∑–∞–¥–µ—Ä–∂–∞–ª–∏ –±–µ–ª–æ—Ä—É—Å—Å–∫–æ–≥–æ –±–ª–æ–≥–µ—Ä–∞ –†—É—Å–ª–∞–Ω–∞ –õ–∏–Ω–Ω–∏–∫–∞.

  ",0.5078218579292297,0.0,0.8706072568893433
177,"–ü—Ä–µ–¥—Å—Ç–∞–≤–∏—Ç–µ–ª—å –ë–µ–ª–∞—Ä—É—Å–∏ –≤¬†–û–û–ù: 100, –º–∞–∫—Å–∏–º—É–º 200 —á–µ–ª–æ–≤–µ–∫ –ø—Ä–æ—Ç–µ—Å—Ç—É—é—â–∏—Ö –Ω–∞¬†–¥–≤—É—Ö–º–∏–ª–ª–∏–æ–Ω–Ω–æ–µ –Ω–∞—Å–µ–ª–µ–Ω–∏–µ —Å—Ç–æ–ª–∏—Ü—ã.

 ",0.09010298550128937,0.0,0.91965252161026
178,"–ù—É–∂–Ω–∞ –ª–∏ –º–∞—Å–∫–∞ –Ω–∞ —Ö–æ–ª–æ–¥–µ? 

–í—Ä–∞—á –æ—Ç–≤–µ—Ç–∏–ª –Ω–∞ –ø–æ–ø—É–ª—è—Ä–Ω—ã–π –≤–æ–ø—Ä–æ—Å.

 ",0.0,0.0,0.8558611869812012
179,"–°–æ–±—ã—Ç–∏—è –≤–æ–∫—Ä—É–≥ –ë–µ–ª–≥–∞–∑–ø—Ä–æ–º–±–∞–Ω–∫–∞: –¥–µ–Ω—å–≥–∏ –∏–∑ –†–æ—Å—Å–∏–∏, —É–ª—É—á—à–µ–Ω–∏–µ —Ä–µ–π—Ç–∏–Ω–≥–∞, —É—Ö–æ–¥ –ö—Ä—É–≥–ª–æ–≤–∞ –∏–∑ –ú–∏–Ω—Ñ–∏–Ω–∞ –†–§.

 ",0.0,0.0,0.9099169969558716
180,"–û—á–µ–Ω—å –∫—Ä–∞—Å–∏–≤–æ: –ø–æ—Å–º–æ—Ç—Ä–∏—Ç–µ, –∫–∞–∫ –ª–æ—à–∞–¥–∏ –∫—É–ø–∞—é—Ç—Å—è –≤ —Å–Ω–µ–≥—É!

 ",0.0,0.348655104637146,0.1732981950044632
181,"–ë–µ–ª–∞—Ä—É—Å—å –æ–∫–∞–∑–∞–ª–∞—Å—å –º–µ–∂–¥—É –¢—É–Ω–∏—Å–æ–º –∏ –ö—É–≤–µ–π—Ç–æ–º –ø–æ –≥–æ—Ç–æ–≤–Ω–æ—Å—Ç–∏ –∫ —Ä–∞–∑–≤–∏—Ç–∏—é –ø–µ—Ä–µ–¥–æ–≤—ã—Ö —Ç–µ—Ö–Ω–æ–ª–æ–≥–∏–π.

 ",0.0,0.0,0.9324633479118347
182,"–í¬†–ú–æ–∑—ã—Ä–µ —Ç—Ä–æ–µ –º—É–∂—á–∏–Ω –∏–∑–Ω–∞—Å–∏–ª–æ–≤–∞–ª–∏ —à–∫–æ–ª—å–Ω–∏—Ü—É.

 ",0.0,0.0,0.6513648629188538
183,"–ß—Ç–æ —Å–ª—É—á–∏–ª–æ—Å—å —Å –¶–æ–µ–º 30 –ª–µ—Ç –Ω–∞–∑–∞–¥? 

–°–æ–±—Ä–∞–ª–∏ –≤—Å–µ –≤–µ—Ä—Å–∏–∏ —Å–º–µ—Ä—Ç–∏ –ª–µ–≥–µ–Ω–¥–∞—Ä–Ω–æ–≥–æ –º—É–∑—ã–∫–∞–Ω—Ç–∞.

 ",0.028446035459637642,0.0,0.8740872144699097
184,"–ë–∏–∑–Ω–µ—Å-—Å–æ—é–∑—ã –æ—Ç–≤–µ—Ç–∏–ª–∏ –Ω–∞ –Ω–µ–¥–∞–≤–Ω–∏–µ –∏–Ω–∏—Ü–∏–∞—Ç–∏–≤—ã –ö–ì–ö –ø–æ –∑–∞–∫—Ä—É—á–∏–≤–∞–Ω–∏—é –≥–∞–µ–∫ –±–∏–∑–Ω–µ—Å—É.

–ü–ª–æ—Ö–∞—è –∏–¥–µ—è. 

 ",0.5698626637458801,0.0,0.9099169969558716
185,"–ú–í–î: –±–ª–æ–≥–µ—Ä –†—É—Å–ª–∞–Ω –õ–∏–Ω–Ω–∏–∫ –∑–∞–¥–µ—Ä–∂–∞–Ω ¬´–∑–∞ –æ—Å–∫–æ—Ä–±–ª–µ–Ω–∏–µ –¥–æ–ª–∂–Ω–æ—Å—Ç–Ω—ã—Ö –ª–∏—Ü –º–∏–ª–∏—Ü–µ–π—Å–∫–æ–≥–æ –≤–µ–¥–æ–º—Å—Ç–≤–∞¬ª.

 ",0.13661839067935944,0.0,0.839743971824646
186,"–ò—Å—Ç–æ—Ä–∏—è –ú–∞—Ä–≥–∞—Ä–∏—Ç—ã, –∫–æ—Ç–æ—Ä–∞—è —Ä–∞–±–æ—Ç–∞–µ—Ç –ø—Ä–æ–¥–∞–≤—Ü–æ–º –Ω–∞ —Å–µ–ª–µ.

¬´–î–æ –ø–µ–Ω—Å–∏–∏ –º–æ–≥–ª–∏ –∏ –Ω–∞ –≤–µ–∫—Å–µ–ª—å –¥–∞—Ç—å¬ª. 

",0.12253321707248688,0.0,0.8439050912857056
187,"–ü—Ä–æ–¥–∞–µ—Ç—Å—è —á–∞—Å—Ç—å –∫—Ä—ã—à–∏ –≤ –ù–æ–≤–æ–π –ë–æ—Ä–æ–≤–æ–π –ø–æ —Ü–µ–Ω–µ ¬´–æ–¥–Ω—É—à–∫–∏¬ª.

–ß—Ç–æ —ç—Ç–æ –∑–∞ –ø—Ä–µ–¥–ª–æ–∂–µ–Ω–∏–µ?

 ",0.0,0.0,0.9740526676177979
188,"–í –ì–æ–º–µ–ª–µ –Ω–∞–≥—Ä–∞–¥–∏–ª–∏ –ø—Ä–æ—Å—Ç—ã—Ö –ø—Ä–æ—Ö–æ–∂–∏—Ö, –∫–æ—Ç–æ—Ä—ã–µ —Å–ø–∞—Å–ª–∏ –ª—é–¥–µ–π –Ω–∞ –ø–æ–∂–∞—Ä–∞—Ö.

¬´–í—ã –Ω–∞—Å—Ç–æ—è—â–∏–µ –≥–µ—Ä–æ–∏¬ª.

 ",0.1778208613395691,0.0,0.22271016240119934
189,"–° –±–µ–ª–æ—Ä—É—Å–æ–≤ –±—É–¥—É—Ç –ø–æ-–Ω–æ–≤–æ–º—É –≤–∑—ã—Å–∫–∏–≤–∞—Ç—å –¥–æ–ª–≥–∏. –ö–∞–∫–∏–µ –Ω–æ–≤—à–µ—Å—Ç–≤–∞ –≤–≤–µ–¥—É—Ç.

 ",0.21207880973815918,0.0,0.59267657995224
190,"–ë–µ–ª–æ—Ä—É—Å—ã –ø—Ä–æ—Å–∏–ª–∏ –æ—Ç–º–µ–Ω–∏—Ç—å –∂–µ–Ω—Å–∫–∏–π –∑–∞–±–µ–≥ –Ω–∞ 8 –ú–∞—Ä—Ç–∞, –≤–æ—Ç —á—Ç–æ –∏–º –æ—Ç–≤–µ—Ç–∏–ª–∏.

¬´–í –Ω–µ—Å–∫–æ–ª—å–∫–∏—Ö –∫–∏–ª–æ–º–µ—Ç—Ä–∞—Ö –æ—Ç —Ç—é—Ä—å–º—ã¬ª. 

 ",0.21734751760959625,0.0,0.812877357006073
191,"–î–µ–≤—É—à–∫—É, —É–∫—É—Å–∏–≤—à—É—é –æ–º–æ–Ω–æ–≤—Ü–∞ –≤ —Ç—Ä–æ–ª–ª–µ–π–±—É—Å–µ, –æ—Ç–ø—Ä–∞–≤–∏–ª–∏ –≤ –∫–æ–ª–æ–Ω–∏—é.

–ü—Ä–æ–∫—É—Ä–æ—Ä –ø—Ä–æ—Å–∏–ª –¥–ª—è –ù–∞—Ç–∞–ª—å–∏ –†–∞–µ–Ω—Ç–æ–≤–æ–π –¥–≤–∞ –≥–æ–¥–∞ –ª–∏—à–µ–Ω–∏—è —Å–≤–æ–±–æ–¥—ã, —Å —Ç–∞–∫–∏–º –Ω–∞–∫–∞–∑–∞–Ω–∏–µ–º –±—ã–ª —Å–æ–≥–ª–∞—Å–µ–Ω –∏ –ø–æ—Ç–µ—Ä–ø–µ–≤—à–∏–π, –Ω–æ —Å—É–¥ —Ä–µ—à–∏–ª –∏–Ω–∞—á–µ.

 ",0.0,0.0,0.3140605390071869
192,"–ë—ã–≤—à–∏–π —Ä–∞–±–æ—Ç–Ω–∏–∫ ¬´–ë–µ–ª–∞—Ä—É—Å—å–∫–∞–ª–∏—è¬ª –ø–æ–∫–∞–∑–∞–ª –≤–∏–¥–µ–æ –∏–∑ —à–∞—Ö—Ç—ã.

¬´–í–∞–ª—É–Ω—ã –º–æ–≥—É—Ç –≤—ã–ø–∞—Å—Ç—å, –æ–Ω–∏ –Ω–µ –∫—Ä–µ–ø—è—Ç—Å—è¬ª. 

 ",0.0,0.0,0.8634016513824463
193,"–£ –¢–∏–º—ã –ë–µ–ª–æ—Ä—É—Å—Å–∫–∏—Ö –≤—ã—à–µ–ª –Ω–æ–≤—ã–π –∫–ª–∏–ø. 

–ò –≤ –Ω–µ–º –≤—ã –Ω–µ —É–∑–Ω–∞–µ—Ç–µ –∏—Å–ø–æ–ª–Ω–∏—Ç–µ–ª—è ¬´–í–∏—Ç–∞–º–∏–Ω–∫–∏¬ª –∏ ¬´–ù–µ–∑–∞–±—É–¥–∫–∏¬ª.

 ",0.0,0.0,0.9173126816749573
194,"–°—É–¥—è—Ç –≤–æ–¥–∏—Ç–µ–ª—è, –∫–æ—Ç–æ—Ä—ã–π —É—Ö–æ–¥–∏–ª –æ—Ç –ø–æ–≥–æ–Ω–∏ –Ω–∞ –î–∑–µ—Ä–∂–∏–Ω—Å–∫–æ–≥–æ –∏ –Ω–∞–µ—Ö–∞–ª –Ω–∞ –≥–∞–∏—à–Ω–∏–∫–∞.

–ü–æ—Å—Ç—Ä–∞–¥–∞–≤—à–∏–π –ø–æ–¥–∞–ª –∏—Å–∫ –Ω–∞ 20 —Ç—ã—Å—è—á —Ä—É–±–ª–µ–π: ¬´–ñ–∏–∑–Ω—å –º–æ—è –±–µ—Å—Ü–µ–Ω–Ω–∞¬ª.

 ",0.0,0.13661839067935944,0.6654205918312073
195,"30 –ª–µ—Ç –Ω–∞–∑–∞–¥ –±—ã–ª–æ –ø—Ä–∏–Ω—è—Ç–æ —Ä–µ—à–µ–Ω–∏–µ —Ä–∞—Å–ø—É—Å—Ç–∏—Ç—å –í–∞—Ä—à–∞–≤—Å–∫–∏–π –¥–æ–≥–æ–≤–æ—Ä.

–ü–æ–≤–µ—Ä–∂–µ–Ω–Ω—ã–π –≥–∏–≥–∞–Ω—Ç. 

 ",0.0,0.09269777685403824,0.9659096002578735
196,"–ö–æ—Ä–æ–Ω–∞–≤–∏—Ä—É—Å –≤ –ë–µ–ª–∞—Ä—É—Å–∏: —Å–≤–µ–∂–∏–µ –¥–∞–Ω–Ω—ã–µ –æ—Ç –ú–∏–Ω–∑–¥—Ä–∞–≤–∞

–í—Å–µ–≥–æ –∑–∞–±–æ–ª–µ–ª–∏: 282 898 (+1 191 –∑–∞ —Å—É—Ç–∫–∏)
–í—ã–∑–¥–æ—Ä–æ–≤–µ–ª–∏: 273 146 (+1 413)
–£–º–µ—Ä–ª–∏: 1 948 (+9)
–°–¥–µ–ª–∞–Ω–æ —Ç–µ—Å—Ç–æ–≤: 4 841 780 (+17 169) ",0.0,0.0,0.8267217874526978
197,"–ü—è—Ç—ã–π –¥–µ–Ω—å —Å—É–¥–∞ –Ω–∞–¥ –∂—É—Ä–Ω–∞–ª–∏—Å—Ç—Å–∫–æ–π  –∏ –≤—Ä–∞—á–æ–º –ë–°–ú–ü. 

–°–∫–æ—Ä–æ —Å—Ç–∞–Ω–µ—Ç –∏–∑–≤–µ—Å—Ç–Ω–æ, –∫–æ–≥–¥–∞ –≤—ã–Ω–µ—Å—É—Ç –ø—Ä–∏–≥–æ–≤–æ—Ä.

 ",0.523430347442627,0.0,0.4225146472454071
198,"–í –¥–µ–ª–µ –Ω–µ—Ç –ø–æ—Å—Ç—Ä–∞–¥–∞–≤—à–∏—Ö: —ç–∫—Å-—Å–æ—Ç—Ä—É–¥–Ω–∏–∫ –ú–ß–° –ø–æ–ª—É—á–∏–ª 4,5 –≥–æ–¥–∞ –∫–æ–ª–æ–Ω–∏–∏ –∑–∞ ¬´–∑–∞–º–∞—Ö–∏–≤–∞–Ω–∏–µ –Ω–µ–æ–ø—Ä–µ–¥–µ–ª–µ–Ω–Ω—ã–º –ø—Ä–µ–¥–º–µ—Ç–æ–º¬ª.

 ",0.11921291798353195,0.0,0.8706072568893433
199,"22 —É–¥–∏–≤–∏—Ç–µ–ª—å–Ω—ã—Ö —Ñ–æ—Ç–æ –ø–ª–∞–Ω–µ—Ç ¬´—Ç–æ–≥–¥–∞ –∏ —Å–µ–π—á–∞—Å¬ª.

–ü–æ—Å–º–æ—Ç—Ä–∏—Ç–µ! 

 ",0.0,0.08510905504226685,0.9416641592979431
